time,small,large,probability,intensity
3.0,1.0,0.0,0.546,0.44071
4.0,1.0,0.0,0.555,0.43369
5.0,1.0,0.0,0.549,0.43535
6.0,1.0,0.0,0.552,0.4337
7.0,1.0,0.0,0.552,0.43707
8.0,1.0,0.0,0.558,0.43002
9.0,1.0,0.0,0.546,0.43523
10.0,1.0,0.0,0.559,0.42814
11.0,1.0,0.0,0.558,0.43607
12.0,1.0,0.0,0.529,0.44926
13.0,1.0,0.0,0.528,0.45707
14.0,1.0,0.0,0.529,0.44893
15.0,1.0,0.0,0.526,0.44873
16.0,1.0,0.0,0.542,0.44265
17.0,1.0,0.0,0.534,0.44661
18.0,1.0,0.0,0.541,0.43982
19.0,1.0,0.0,0.535,0.44513
20.0,1.0,0.0,0.534,0.44868
21.0,1.0,0.0,0.531,0.44768
22.0,1.0,0.0,0.527,0.44694
23.0,1.0,0.0,0.517,0.45488
24.0,1.0,0.0,0.533,0.44805
25.0,1.0,0.0,0.529,0.44805
26.0,1.0,0.0,0.533,0.44604
27.0,1.0,0.0,0.531,0.45324
28.0,1.0,0.0,0.536,0.44133
29.0,1.0,0.0,0.532,0.44377
30.0,1.0,0.0,0.541,0.4368
31.0,1.0,0.0,0.533,0.4413
32.0,1.0,0.0,0.534,0.43879
33.0,1.0,0.0,0.534,0.44105
34.0,1.0,0.0,0.547,0.43503
35.0,1.0,0.0,0.546,0.43466
36.0,1.0,0.0,0.532,0.44454
37.0,1.0,0.0,0.504,0.45726
38.0,1.0,0.0,0.52,0.44794
39.0,1.0,0.0,0.517,0.44665
40.0,1.0,0.0,0.533,0.43517
41.0,1.0,0.0,0.54,0.43971
42.0,1.0,0.0,0.555,0.42793
43.0,1.0,0.0,0.534,0.43683
44.0,1.0,0.0,0.528,0.43761
45.0,1.0,0.0,0.528,0.44249
46.0,1.0,0.0,0.514,0.45703
47.0,1.0,0.0,0.474,0.47893
48.0,1.0,0.0,0.487,0.47107
49.0,1.0,0.0,0.486,0.47138
50.0,1.0,0.0,0.511,0.45718
51.0,1.0,0.0,0.5,0.46242
52.0,1.0,0.0,0.51,0.45124
53.0,1.0,0.0,0.519,0.44679
54.0,1.0,0.0,0.533,0.44431
55.0,1.0,0.0,0.485,0.47246
56.0,1.0,0.0,0.496,0.47012
57.0,1.0,0.0,0.488,0.47323
58.0,1.0,0.0,0.506,0.45033
59.0,1.0,0.0,0.522,0.44361
60.0,1.0,0.0,0.54,0.43832
61.0,1.0,0.0,0.533,0.44117
62.0,1.0,0.0,0.545,0.43272
63.0,1.0,0.0,0.545,0.43281
64.0,1.0,0.0,0.545,0.43321
65.0,1.0,0.0,0.551,0.43012
66.0,1.0,0.0,0.561,0.42783
67.0,1.0,0.0,0.56,0.42749
68.0,1.0,0.0,0.553,0.42529
69.0,1.0,0.0,0.547,0.42495
70.0,1.0,0.0,0.551,0.42599
71.0,1.0,0.0,0.543,0.42893
72.0,1.0,0.0,0.544,0.43214
73.0,1.0,0.0,0.548,0.42997
74.0,1.0,0.0,0.546,0.43269
75.0,1.0,0.0,0.546,0.43328
76.0,1.0,0.0,0.539,0.43191
77.0,1.0,0.0,0.545,0.43236
78.0,1.0,0.0,0.554,0.42852
79.0,1.0,0.0,0.544,0.43293
80.0,1.0,0.0,0.549,0.42903
81.0,1.0,0.0,0.549,0.43073
82.0,1.0,0.0,0.545,0.42984
83.0,1.0,0.0,0.546,0.43657
84.0,1.0,0.0,0.552,0.42648
85.0,1.0,0.0,0.549,0.42623
86.0,1.0,0.0,0.557,0.42272
87.0,1.0,0.0,0.541,0.43432
88.0,1.0,0.0,0.554,0.42395
89.0,1.0,0.0,0.549,0.4275
90.0,1.0,0.0,0.554,0.42444
91.0,1.0,0.0,0.545,0.42935
92.0,1.0,0.0,0.535,0.4317
93.0,1.0,0.0,0.539,0.43406
94.0,1.0,0.0,0.543,0.42933
95.0,1.0,0.0,0.547,0.42713
96.0,1.0,0.0,0.543,0.43264
97.0,1.0,0.0,0.53,0.43574
98.0,1.0,0.0,0.549,0.42778
99.0,1.0,0.0,0.537,0.43581
100.0,1.0,0.0,0.544,0.42943
101.0,1.0,0.0,0.548,0.42626
102.0,1.0,0.0,0.552,0.42257
103.0,1.0,0.0,0.55,0.42576
104.0,1.0,0.0,0.539,0.42834
105.0,1.0,0.0,0.545,0.43192
106.0,1.0,0.0,0.543,0.43
107.0,1.0,0.0,0.542,0.43368
108.0,1.0,0.0,0.547,0.42903
109.0,1.0,0.0,0.533,0.43765
110.0,1.0,0.0,0.54,0.4292
111.0,1.0,0.0,0.547,0.42844
112.0,1.0,0.0,0.549,0.42471
113.0,1.0,0.0,0.546,0.4273
114.0,1.0,0.0,0.545,0.42595
115.0,1.0,0.0,0.54,0.42552
116.0,1.0,0.0,0.543,0.42913
117.0,1.0,0.0,0.546,0.42921
118.0,1.0,0.0,0.549,0.427
119.0,1.0,0.0,0.553,0.42766
120.0,1.0,0.0,0.545,0.4297
121.0,1.0,0.0,0.531,0.43238
122.0,1.0,0.0,0.547,0.42661
123.0,1.0,0.0,0.547,0.42634
124.0,1.0,0.0,0.535,0.43178
125.0,1.0,0.0,0.545,0.43
126.0,1.0,0.0,0.55,0.42849
127.0,1.0,0.0,0.549,0.42822
128.0,1.0,0.0,0.556,0.42438
129.0,1.0,0.0,0.546,0.42904
130.0,1.0,0.0,0.553,0.42461
131.0,1.0,0.0,0.542,0.43275
132.0,1.0,0.0,0.546,0.43079
133.0,1.0,0.0,0.541,0.43133
134.0,1.0,0.0,0.555,0.42919
135.0,1.0,0.0,0.537,0.43628
136.0,1.0,0.0,0.536,0.4338
137.0,1.0,0.0,0.539,0.43336
138.0,1.0,0.0,0.538,0.43018
139.0,1.0,0.0,0.543,0.43683
140.0,1.0,0.0,0.543,0.42903
141.0,1.0,0.0,0.552,0.43314
142.0,1.0,0.0,0.551,0.43039
143.0,1.0,0.0,0.547,0.43336
144.0,1.0,0.0,0.547,0.43536
145.0,1.0,0.0,0.543,0.4351
146.0,1.0,0.0,0.544,0.43376
147.0,1.0,0.0,0.529,0.44138
148.0,1.0,0.0,0.545,0.43392
149.0,1.0,0.0,0.532,0.44181
150.0,1.0,0.0,0.548,0.44927
151.0,1.0,0.0,0.554,0.44701
152.0,1.0,0.0,0.55,0.44869
153.0,1.0,0.0,0.563,0.44667
154.0,1.0,0.0,0.573,0.43853
155.0,1.0,0.0,0.562,0.43949
156.0,1.0,0.0,0.6,0.42714
157.0,1.0,0.0,0.593,0.42595
158.0,1.0,0.0,0.582,0.42572
159.0,1.0,0.0,0.579,0.42636
160.0,1.0,0.0,0.581,0.42481
161.0,1.0,0.0,0.576,0.42329
162.0,1.0,0.0,0.579,0.4214
163.0,1.0,0.0,0.577,0.42184
164.0,1.0,0.0,0.569,0.4257
165.0,1.0,0.0,0.574,0.42431
166.0,1.0,0.0,0.571,0.42439
167.0,1.0,0.0,0.559,0.43133
168.0,1.0,0.0,0.563,0.42554
169.0,1.0,0.0,0.552,0.42752
170.0,1.0,0.0,0.563,0.4272
171.0,1.0,0.0,0.554,0.43283
172.0,1.0,0.0,0.555,0.43286
173.0,1.0,0.0,0.553,0.43601
174.0,1.0,0.0,0.564,0.42549
175.0,1.0,0.0,0.548,0.4297
176.0,1.0,0.0,0.456,0.47804
177.0,1.0,0.0,0.41,0.52134
178.0,1.0,0.0,0.377,0.54419
179.0,1.0,0.0,0.373,0.55446
180.0,0.0,1.0,0.381,0.56133
181.0,0.0,1.0,0.394,0.56788
182.0,0.0,1.0,0.376,0.55825
183.0,1.0,0.0,0.384,0.54552
184.0,1.0,0.0,0.383,0.54338
185.0,1.0,0.0,0.378,0.5464
186.0,1.0,0.0,0.392,0.54181
187.0,0.0,1.0,0.373,0.55678
188.0,0.0,1.0,0.388,0.56505
189.0,0.0,1.0,0.409,0.57712
190.0,0.0,1.0,0.407,0.57589
191.0,0.0,1.0,0.394,0.56851
192.0,1.0,0.0,0.397,0.54045
193.0,1.0,0.0,0.421,0.525
194.0,1.0,0.0,0.44,0.50901
195.0,1.0,0.0,0.444,0.51119
196.0,1.0,0.0,0.464,0.49653
197.0,1.0,0.0,0.467,0.49132
198.0,1.0,0.0,0.473,0.48021
199.0,1.0,0.0,0.5,0.46664
200.0,1.0,0.0,0.53,0.44898
201.0,1.0,0.0,0.533,0.45082
202.0,1.0,0.0,0.529,0.4451
203.0,1.0,0.0,0.524,0.44875
204.0,1.0,0.0,0.534,0.44611
205.0,1.0,0.0,0.527,0.45058
206.0,1.0,0.0,0.538,0.44122
207.0,1.0,0.0,0.534,0.44732
208.0,1.0,0.0,0.525,0.45007
209.0,1.0,0.0,0.526,0.44718
210.0,1.0,0.0,0.539,0.44231
211.0,1.0,0.0,0.53,0.44392
212.0,1.0,0.0,0.529,0.44163
213.0,1.0,0.0,0.528,0.44272
214.0,1.0,0.0,0.525,0.44285
215.0,1.0,0.0,0.523,0.4467
216.0,1.0,0.0,0.542,0.43629
217.0,1.0,0.0,0.524,0.44599
218.0,1.0,0.0,0.532,0.43957
219.0,1.0,0.0,0.535,0.44158
220.0,1.0,0.0,0.539,0.43634
221.0,1.0,0.0,0.534,0.43981
222.0,1.0,0.0,0.549,0.4295
223.0,1.0,0.0,0.533,0.44419
224.0,1.0,0.0,0.539,0.43428
225.0,1.0,0.0,0.544,0.43753
226.0,1.0,0.0,0.538,0.43765
227.0,1.0,0.0,0.537,0.4419
228.0,1.0,0.0,0.543,0.43416
229.0,1.0,0.0,0.534,0.44006
230.0,1.0,0.0,0.533,0.44165
231.0,1.0,0.0,0.541,0.43735
232.0,1.0,0.0,0.539,0.43824
233.0,1.0,0.0,0.534,0.44355
234.0,1.0,0.0,0.544,0.43311
235.0,1.0,0.0,0.546,0.43827
236.0,1.0,0.0,0.542,0.43366
237.0,1.0,0.0,0.545,0.43609
238.0,1.0,0.0,0.547,0.43511
239.0,1.0,0.0,0.546,0.43413
240.0,1.0,0.0,0.541,0.43429
241.0,1.0,0.0,0.531,0.43801
242.0,1.0,0.0,0.549,0.42671
243.0,1.0,0.0,0.503,0.45231
244.0,1.0,0.0,0.402,0.52049
245.0,0.0,1.0,0.384,0.56138
246.0,0.0,1.0,0.39,0.5691
247.0,0.0,1.0,0.401,0.57587
248.0,0.0,1.0,0.398,0.57389
249.0,0.0,1.0,0.402,0.57573
250.0,0.0,1.0,0.409,0.57938
251.0,0.0,1.0,0.417,0.5842
252.0,0.0,1.0,0.441,0.59699
253.0,0.0,1.0,0.444,0.59853
254.0,0.0,1.0,0.438,0.59534
255.0,0.0,1.0,0.445,0.59938
256.0,0.0,1.0,0.431,0.59186
257.0,0.0,1.0,0.442,0.59738
258.0,0.0,1.0,0.442,0.59766
259.0,0.0,1.0,0.443,0.59833
260.0,0.0,1.0,0.439,0.59507
261.0,0.0,1.0,0.444,0.59821
262.0,0.0,1.0,0.438,0.59414
263.0,0.0,1.0,0.432,0.59154
264.0,0.0,1.0,0.406,0.57593
265.0,0.0,1.0,0.393,0.56883
266.0,0.0,1.0,0.374,0.55605
267.0,0.0,1.0,0.373,0.55303
268.0,1.0,0.0,0.396,0.53133
269.0,1.0,0.0,0.404,0.52374
270.0,1.0,0.0,0.406,0.51801
271.0,1.0,0.0,0.426,0.5074
272.0,1.0,0.0,0.438,0.4992
273.0,1.0,0.0,0.448,0.48756
274.0,1.0,0.0,0.468,0.47792
275.0,1.0,0.0,0.477,0.47438
276.0,1.0,0.0,0.496,0.46439
277.0,1.0,0.0,0.497,0.46445
278.0,1.0,0.0,0.512,0.45424
279.0,1.0,0.0,0.499,0.4622
280.0,1.0,0.0,0.503,0.45786
281.0,1.0,0.0,0.502,0.46081
282.0,1.0,0.0,0.517,0.45034
283.0,1.0,0.0,0.522,0.44723
284.0,1.0,0.0,0.528,0.44043
285.0,1.0,0.0,0.524,0.44512
286.0,1.0,0.0,0.526,0.44391
287.0,1.0,0.0,0.522,0.44524
288.0,1.0,0.0,0.534,0.44407
289.0,1.0,0.0,0.529,0.44357
290.0,1.0,0.0,0.53,0.44275
291.0,1.0,0.0,0.53,0.44526
292.0,1.0,0.0,0.54,0.43644
293.0,1.0,0.0,0.543,0.43721
294.0,1.0,0.0,0.533,0.43505
295.0,1.0,0.0,0.537,0.43551
296.0,1.0,0.0,0.533,0.43742
297.0,1.0,0.0,0.537,0.43526
298.0,1.0,0.0,0.551,0.43119
299.0,1.0,0.0,0.54,0.43297
300.0,1.0,0.0,0.544,0.43529
301.0,1.0,0.0,0.54,0.43936
302.0,1.0,0.0,0.541,0.43611
303.0,1.0,0.0,0.55,0.43005
304.0,1.0,0.0,0.48,0.46171
305.0,1.0,0.0,0.396,0.53454
306.0,0.0,1.0,0.375,0.56052
307.0,0.0,1.0,0.418,0.58362
308.0,0.0,1.0,0.408,0.57856
309.0,0.0,1.0,0.412,0.58117
310.0,0.0,1.0,0.414,0.58303
311.0,0.0,1.0,0.427,0.58989
312.0,0.0,1.0,0.446,0.59975
313.0,0.0,1.0,0.446,0.59895
314.0,0.0,1.0,0.438,0.5944
315.0,0.0,1.0,0.444,0.59902
316.0,0.0,1.0,0.446,0.60091
317.0,0.0,1.0,0.451,0.60352
318.0,0.0,1.0,0.444,0.59879
319.0,0.0,1.0,0.442,0.5973
320.0,0.0,1.0,0.431,0.58997
321.0,0.0,1.0,0.41,0.57895
322.0,0.0,1.0,0.395,0.56903
323.0,0.0,1.0,0.392,0.56666
324.0,1.0,0.0,0.396,0.53255
325.0,1.0,0.0,0.408,0.5273
326.0,1.0,0.0,0.43,0.50831
327.0,1.0,0.0,0.454,0.49265
328.0,1.0,0.0,0.466,0.48731
329.0,1.0,0.0,0.46,0.47843
330.0,1.0,0.0,0.46,0.48678
331.0,1.0,0.0,0.434,0.50307
332.0,1.0,0.0,0.436,0.4968
333.0,1.0,0.0,0.446,0.49157
334.0,1.0,0.0,0.46,0.47977
335.0,1.0,0.0,0.482,0.47129
336.0,1.0,0.0,0.514,0.45376
337.0,1.0,0.0,0.515,0.45402
338.0,1.0,0.0,0.524,0.4469
339.0,1.0,0.0,0.516,0.45192
340.0,1.0,0.0,0.519,0.44756
341.0,1.0,0.0,0.518,0.45125
342.0,1.0,0.0,0.523,0.4427
343.0,1.0,0.0,0.528,0.43961
344.0,1.0,0.0,0.535,0.43589
345.0,1.0,0.0,0.534,0.43532
346.0,1.0,0.0,0.539,0.43622
347.0,1.0,0.0,0.533,0.44311
348.0,1.0,0.0,0.531,0.44161
349.0,1.0,0.0,0.532,0.44644
350.0,1.0,0.0,0.533,0.44141
351.0,1.0,0.0,0.53,0.44303
352.0,1.0,0.0,0.53,0.4361
353.0,1.0,0.0,0.528,0.44652
354.0,1.0,0.0,0.54,0.44061
355.0,1.0,0.0,0.533,0.43956
356.0,1.0,0.0,0.541,0.43332
357.0,1.0,0.0,0.54,0.43606
358.0,1.0,0.0,0.55,0.42785
359.0,1.0,0.0,0.541,0.43634
360.0,1.0,0.0,0.547,0.43435
361.0,1.0,0.0,0.544,0.43485
362.0,1.0,0.0,0.549,0.43424
363.0,1.0,0.0,0.546,0.43891
364.0,1.0,0.0,0.545,0.43695
365.0,1.0,0.0,0.54,0.44275
366.0,1.0,0.0,0.537,0.44085
367.0,1.0,0.0,0.54,0.43813
368.0,1.0,0.0,0.544,0.44011
369.0,1.0,0.0,0.545,0.43729
370.0,1.0,0.0,0.548,0.4359
371.0,1.0,0.0,0.545,0.44262
372.0,1.0,0.0,0.549,0.44079
373.0,1.0,0.0,0.548,0.4414
374.0,1.0,0.0,0.551,0.4369
375.0,1.0,0.0,0.556,0.43931
376.0,1.0,0.0,0.557,0.43021
377.0,1.0,0.0,0.547,0.43321
378.0,1.0,0.0,0.551,0.43054
379.0,1.0,0.0,0.549,0.43742
380.0,1.0,0.0,0.553,0.43079
381.0,1.0,0.0,0.56,0.42408
382.0,1.0,0.0,0.559,0.4233
383.0,1.0,0.0,0.558,0.42726
384.0,1.0,0.0,0.546,0.43469
385.0,1.0,0.0,0.518,0.44697
386.0,1.0,0.0,0.504,0.44852
387.0,1.0,0.0,0.51,0.44932
388.0,1.0,0.0,0.517,0.44038
389.0,1.0,0.0,0.518,0.44053
390.0,1.0,0.0,0.528,0.43322
391.0,1.0,0.0,0.55,0.4274
392.0,1.0,0.0,0.558,0.42156
393.0,1.0,0.0,0.561,0.42375
394.0,1.0,0.0,0.56,0.4208
395.0,1.0,0.0,0.557,0.42768
396.0,1.0,0.0,0.562,0.42375
397.0,1.0,0.0,0.565,0.42217
398.0,1.0,0.0,0.568,0.4207
399.0,1.0,0.0,0.564,0.42288
400.0,1.0,0.0,0.561,0.42314
401.0,1.0,0.0,0.558,0.42351
402.0,1.0,0.0,0.559,0.42026
403.0,1.0,0.0,0.554,0.42575
404.0,1.0,0.0,0.556,0.4215
405.0,1.0,0.0,0.561,0.41849
406.0,1.0,0.0,0.553,0.42153
407.0,1.0,0.0,0.561,0.41886
408.0,1.0,0.0,0.565,0.41162
409.0,1.0,0.0,0.56,0.41311
410.0,1.0,0.0,0.558,0.41709
411.0,1.0,0.0,0.558,0.41871
412.0,1.0,0.0,0.565,0.41476
413.0,1.0,0.0,0.572,0.41092
414.0,1.0,0.0,0.573,0.41315
415.0,1.0,0.0,0.575,0.41528
416.0,1.0,0.0,0.578,0.4149
417.0,1.0,0.0,0.57,0.41766
418.0,1.0,0.0,0.564,0.41656
419.0,1.0,0.0,0.564,0.41684
420.0,1.0,0.0,0.552,0.41927
421.0,1.0,0.0,0.541,0.42205
422.0,1.0,0.0,0.549,0.41632
423.0,1.0,0.0,0.569,0.41363
424.0,1.0,0.0,0.568,0.412
425.0,1.0,0.0,0.559,0.41714
426.0,1.0,0.0,0.554,0.41965
427.0,1.0,0.0,0.565,0.42077
428.0,1.0,0.0,0.565,0.41881
429.0,1.0,0.0,0.565,0.42222
430.0,1.0,0.0,0.565,0.42242
431.0,1.0,0.0,0.559,0.42679
432.0,1.0,0.0,0.568,0.42052
433.0,1.0,0.0,0.56,0.42466
434.0,1.0,0.0,0.569,0.41887
435.0,1.0,0.0,0.564,0.4188
436.0,1.0,0.0,0.578,0.41222
437.0,1.0,0.0,0.568,0.41673
438.0,1.0,0.0,0.573,0.41477
439.0,1.0,0.0,0.566,0.42324
440.0,1.0,0.0,0.565,0.41275
441.0,1.0,0.0,0.562,0.41825
442.0,1.0,0.0,0.578,0.41471
443.0,1.0,0.0,0.56,0.42417
444.0,1.0,0.0,0.56,0.41497
445.0,1.0,0.0,0.562,0.41296
446.0,1.0,0.0,0.567,0.41207
447.0,1.0,0.0,0.573,0.41281
448.0,1.0,0.0,0.562,0.41276
449.0,1.0,0.0,0.57,0.41757
450.0,1.0,0.0,0.57,0.41546
451.0,1.0,0.0,0.567,0.41649
452.0,1.0,0.0,0.567,0.41269
453.0,1.0,0.0,0.568,0.4193
454.0,1.0,0.0,0.575,0.41394
455.0,1.0,0.0,0.57,0.41362
456.0,1.0,0.0,0.572,0.41923
457.0,1.0,0.0,0.572,0.41755
458.0,1.0,0.0,0.572,0.41473
459.0,1.0,0.0,0.565,0.41907
460.0,1.0,0.0,0.574,0.4151
461.0,1.0,0.0,0.57,0.42136
462.0,1.0,0.0,0.569,0.41353
463.0,1.0,0.0,0.564,0.41753
464.0,1.0,0.0,0.567,0.41512
465.0,1.0,0.0,0.558,0.41773
466.0,1.0,0.0,0.553,0.4121
467.0,1.0,0.0,0.553,0.42063
468.0,1.0,0.0,0.544,0.42714
469.0,1.0,0.0,0.541,0.42543
470.0,1.0,0.0,0.551,0.42357
471.0,1.0,0.0,0.545,0.4234
472.0,1.0,0.0,0.547,0.41943
473.0,1.0,0.0,0.548,0.41957
474.0,1.0,0.0,0.546,0.41995
475.0,1.0,0.0,0.537,0.42108
476.0,1.0,0.0,0.538,0.42396
477.0,1.0,0.0,0.546,0.42241
478.0,1.0,0.0,0.546,0.41298
479.0,1.0,0.0,0.544,0.41684
480.0,1.0,0.0,0.573,0.41469
481.0,1.0,0.0,0.541,0.44519
482.0,1.0,0.0,0.515,0.4455
483.0,1.0,0.0,0.497,0.46018
484.0,1.0,0.0,0.502,0.45016
485.0,1.0,0.0,0.509,0.44396
486.0,1.0,0.0,0.524,0.43506
487.0,1.0,0.0,0.533,0.42905
488.0,1.0,0.0,0.554,0.42105
489.0,1.0,0.0,0.509,0.45337
490.0,1.0,0.0,0.496,0.45559
491.0,1.0,0.0,0.504,0.45327
492.0,1.0,0.0,0.526,0.43389
493.0,1.0,0.0,0.535,0.42773
494.0,1.0,0.0,0.546,0.42383
495.0,1.0,0.0,0.55,0.42056
496.0,1.0,0.0,0.555,0.42025
497.0,1.0,0.0,0.559,0.41767
498.0,1.0,0.0,0.57,0.41407
499.0,1.0,0.0,0.57,0.41848
500.0,1.0,0.0,0.563,0.42246
501.0,1.0,0.0,0.556,0.42677
502.0,1.0,0.0,0.554,0.42467
503.0,1.0,0.0,0.561,0.42254
504.0,1.0,0.0,0.566,0.41705
505.0,1.0,0.0,0.56,0.42262
506.0,1.0,0.0,0.559,0.42385
507.0,1.0,0.0,0.554,0.42221
508.0,1.0,0.0,0.562,0.41534
509.0,1.0,0.0,0.557,0.42136
510.0,1.0,0.0,0.557,0.41577
511.0,1.0,0.0,0.559,0.42083
512.0,1.0,0.0,0.555,0.42209
513.0,1.0,0.0,0.551,0.41905
514.0,1.0,0.0,0.547,0.42569
515.0,1.0,0.0,0.557,0.42257
516.0,1.0,0.0,0.563,0.41944
517.0,1.0,0.0,0.579,0.42125
518.0,1.0,0.0,0.58,0.41854
519.0,1.0,0.0,0.554,0.43009
520.0,1.0,0.0,0.545,0.41894
521.0,1.0,0.0,0.553,0.4253
522.0,1.0,0.0,0.565,0.42268
523.0,1.0,0.0,0.545,0.428
524.0,1.0,0.0,0.536,0.42926
525.0,1.0,0.0,0.552,0.42047
526.0,1.0,0.0,0.552,0.42343
527.0,1.0,0.0,0.539,0.42949
528.0,1.0,0.0,0.55,0.42128
529.0,1.0,0.0,0.565,0.41308
530.0,1.0,0.0,0.542,0.4259
531.0,1.0,0.0,0.54,0.42778
532.0,1.0,0.0,0.574,0.41653
533.0,1.0,0.0,0.566,0.41885
534.0,1.0,0.0,0.548,0.42214
535.0,1.0,0.0,0.542,0.42627
536.0,1.0,0.0,0.548,0.42532
537.0,1.0,0.0,0.539,0.42886
538.0,1.0,0.0,0.522,0.42985
539.0,1.0,0.0,0.529,0.43044
540.0,1.0,0.0,0.552,0.42114
541.0,1.0,0.0,0.575,0.41616
542.0,1.0,0.0,0.572,0.4219
543.0,1.0,0.0,0.483,0.46376
544.0,1.0,0.0,0.463,0.4774
545.0,1.0,0.0,0.484,0.46924
546.0,1.0,0.0,0.514,0.44924
547.0,1.0,0.0,0.536,0.43216
548.0,1.0,0.0,0.544,0.42761
549.0,1.0,0.0,0.543,0.43212
550.0,1.0,0.0,0.547,0.4299
551.0,1.0,0.0,0.553,0.42989
552.0,1.0,0.0,0.562,0.4231
553.0,1.0,0.0,0.553,0.42959
554.0,1.0,0.0,0.563,0.42398
555.0,1.0,0.0,0.566,0.42225
556.0,1.0,0.0,0.564,0.42268
557.0,1.0,0.0,0.563,0.42079
558.0,1.0,0.0,0.563,0.42571
559.0,1.0,0.0,0.565,0.42845
560.0,1.0,0.0,0.569,0.42299
561.0,1.0,0.0,0.564,0.42524
562.0,1.0,0.0,0.566,0.42661
563.0,1.0,0.0,0.555,0.42901
564.0,1.0,0.0,0.568,0.4224
565.0,1.0,0.0,0.567,0.42394
566.0,1.0,0.0,0.575,0.42017
567.0,1.0,0.0,0.572,0.42417
568.0,1.0,0.0,0.557,0.42244
569.0,1.0,0.0,0.563,0.41902
570.0,1.0,0.0,0.56,0.42155
571.0,1.0,0.0,0.556,0.42765
572.0,1.0,0.0,0.552,0.42741
573.0,1.0,0.0,0.565,0.42046
574.0,1.0,0.0,0.567,0.42147
575.0,1.0,0.0,0.56,0.42357
576.0,1.0,0.0,0.563,0.42238
577.0,1.0,0.0,0.579,0.41531
578.0,1.0,0.0,0.584,0.41753
579.0,1.0,0.0,0.58,0.41842
580.0,1.0,0.0,0.56,0.42767
581.0,1.0,0.0,0.561,0.42333
582.0,1.0,0.0,0.572,0.41989
583.0,1.0,0.0,0.576,0.41928
584.0,1.0,0.0,0.557,0.42773
585.0,1.0,0.0,0.56,0.42317
586.0,1.0,0.0,0.543,0.42762
587.0,1.0,0.0,0.57,0.4195
588.0,1.0,0.0,0.573,0.42078
589.0,1.0,0.0,0.568,0.42469
590.0,1.0,0.0,0.559,0.42532
591.0,1.0,0.0,0.57,0.42526
592.0,1.0,0.0,0.576,0.42098
593.0,1.0,0.0,0.565,0.42502
594.0,1.0,0.0,0.536,0.43385
595.0,1.0,0.0,0.527,0.43945
596.0,1.0,0.0,0.533,0.43848
597.0,1.0,0.0,0.545,0.43198
598.0,1.0,0.0,0.547,0.43011
599.0,1.0,0.0,0.542,0.4307
600.0,1.0,0.0,0.557,0.42599
601.0,1.0,0.0,0.566,0.42701
602.0,1.0,0.0,0.559,0.42459
603.0,1.0,0.0,0.54,0.43116
604.0,1.0,0.0,0.544,0.42745
605.0,1.0,0.0,0.543,0.43074
606.0,1.0,0.0,0.543,0.43125
607.0,1.0,0.0,0.562,0.42616
608.0,1.0,0.0,0.552,0.42842
609.0,1.0,0.0,0.551,0.42743
610.0,1.0,0.0,0.542,0.42979
611.0,1.0,0.0,0.561,0.42539
612.0,1.0,0.0,0.54,0.43163
613.0,1.0,0.0,0.544,0.42721
614.0,1.0,0.0,0.55,0.42406
615.0,1.0,0.0,0.548,0.42847
616.0,1.0,0.0,0.529,0.43398
617.0,1.0,0.0,0.542,0.42769
618.0,1.0,0.0,0.544,0.42679
619.0,1.0,0.0,0.562,0.42077
620.0,1.0,0.0,0.551,0.42305
621.0,1.0,0.0,0.557,0.41889
622.0,1.0,0.0,0.544,0.42578
623.0,1.0,0.0,0.544,0.42261
624.0,1.0,0.0,0.538,0.42468
625.0,1.0,0.0,0.575,0.42108
626.0,1.0,0.0,0.579,0.41302
627.0,1.0,0.0,0.537,0.42653
628.0,1.0,0.0,0.522,0.43929
629.0,1.0,0.0,0.519,0.43948
630.0,1.0,0.0,0.523,0.43424
631.0,1.0,0.0,0.529,0.42681
632.0,1.0,0.0,0.538,0.42641
633.0,1.0,0.0,0.535,0.43008
634.0,1.0,0.0,0.54,0.42811
635.0,1.0,0.0,0.544,0.42681
636.0,1.0,0.0,0.533,0.43595
637.0,1.0,0.0,0.529,0.43556
638.0,1.0,0.0,0.542,0.42699
639.0,1.0,0.0,0.535,0.42819
640.0,1.0,0.0,0.534,0.43146
641.0,1.0,0.0,0.54,0.43067
642.0,1.0,0.0,0.522,0.43817
643.0,1.0,0.0,0.528,0.43775
644.0,1.0,0.0,0.528,0.43564
645.0,1.0,0.0,0.53,0.42924
646.0,1.0,0.0,0.507,0.4389
647.0,1.0,0.0,0.508,0.44042
648.0,1.0,0.0,0.525,0.44069
649.0,1.0,0.0,0.529,0.43993
650.0,1.0,0.0,0.529,0.43777
651.0,1.0,0.0,0.531,0.4376
652.0,1.0,0.0,0.529,0.43623
653.0,1.0,0.0,0.544,0.42876
654.0,1.0,0.0,0.519,0.43454
655.0,1.0,0.0,0.531,0.43576
656.0,1.0,0.0,0.536,0.43307
657.0,1.0,0.0,0.547,0.42752
658.0,1.0,0.0,0.551,0.4263
659.0,1.0,0.0,0.549,0.42303
660.0,1.0,0.0,0.533,0.43047
661.0,1.0,0.0,0.528,0.4354
662.0,1.0,0.0,0.52,0.43661
663.0,1.0,0.0,0.539,0.42997
664.0,1.0,0.0,0.528,0.43439
665.0,1.0,0.0,0.544,0.42975
666.0,1.0,0.0,0.525,0.4328
667.0,1.0,0.0,0.527,0.43032
668.0,1.0,0.0,0.511,0.43749
669.0,1.0,0.0,0.511,0.43955
670.0,1.0,0.0,0.501,0.44761
671.0,1.0,0.0,0.508,0.44804
672.0,1.0,0.0,0.517,0.44148
673.0,1.0,0.0,0.516,0.44109
674.0,1.0,0.0,0.53,0.43246
675.0,1.0,0.0,0.528,0.43414
676.0,1.0,0.0,0.507,0.43999
677.0,1.0,0.0,0.515,0.43886
678.0,1.0,0.0,0.517,0.43435
679.0,1.0,0.0,0.51,0.43933
680.0,1.0,0.0,0.515,0.43762
681.0,1.0,0.0,0.534,0.4323
682.0,1.0,0.0,0.535,0.43256
683.0,1.0,0.0,0.531,0.4346
684.0,1.0,0.0,0.522,0.43532
685.0,1.0,0.0,0.539,0.42914
686.0,1.0,0.0,0.538,0.42849
687.0,1.0,0.0,0.53,0.43278
688.0,1.0,0.0,0.531,0.43056
689.0,1.0,0.0,0.53,0.43573
690.0,1.0,0.0,0.523,0.43002
691.0,1.0,0.0,0.537,0.43036
692.0,1.0,0.0,0.527,0.43559
693.0,1.0,0.0,0.547,0.42892
694.0,1.0,0.0,0.534,0.4288
695.0,1.0,0.0,0.54,0.42596
696.0,1.0,0.0,0.531,0.43453
697.0,1.0,0.0,0.533,0.43495
698.0,1.0,0.0,0.518,0.43803
699.0,1.0,0.0,0.522,0.4348
700.0,1.0,0.0,0.525,0.43595
701.0,1.0,0.0,0.535,0.43288
702.0,1.0,0.0,0.532,0.42937
703.0,1.0,0.0,0.54,0.42765
704.0,1.0,0.0,0.52,0.43877
705.0,1.0,0.0,0.525,0.43657
706.0,1.0,0.0,0.518,0.43538
707.0,1.0,0.0,0.519,0.43989
708.0,1.0,0.0,0.522,0.43449
709.0,1.0,0.0,0.528,0.43339
710.0,1.0,0.0,0.527,0.43114
711.0,1.0,0.0,0.533,0.43311
712.0,1.0,0.0,0.543,0.4279
713.0,1.0,0.0,0.537,0.4305
714.0,1.0,0.0,0.519,0.43365
715.0,1.0,0.0,0.52,0.44102
716.0,1.0,0.0,0.518,0.44015
717.0,1.0,0.0,0.535,0.42932
718.0,1.0,0.0,0.54,0.42877
719.0,1.0,0.0,0.539,0.43364
720.0,1.0,0.0,0.538,0.42664
721.0,1.0,0.0,0.554,0.42422
722.0,1.0,0.0,0.559,0.42635
723.0,1.0,0.0,0.578,0.41813
724.0,1.0,0.0,0.547,0.42561
725.0,1.0,0.0,0.57,0.42284
726.0,1.0,0.0,0.54,0.42326
727.0,1.0,0.0,0.531,0.42849
728.0,1.0,0.0,0.543,0.42814
729.0,1.0,0.0,0.541,0.42528
730.0,1.0,0.0,0.548,0.42412
731.0,1.0,0.0,0.555,0.42787
732.0,1.0,0.0,0.601,0.42423
733.0,1.0,0.0,0.602,0.40544
734.0,1.0,0.0,0.514,0.48543
735.0,1.0,0.0,0.473,0.48954
736.0,1.0,0.0,0.486,0.47535
737.0,1.0,0.0,0.483,0.46967
738.0,1.0,0.0,0.551,0.45845
739.0,1.0,0.0,0.587,0.4202
740.0,1.0,0.0,0.597,0.41178
741.0,1.0,0.0,0.598,0.40804
742.0,1.0,0.0,0.592,0.41258
743.0,1.0,0.0,0.587,0.40676
744.0,1.0,0.0,0.581,0.40736
745.0,1.0,0.0,0.546,0.40772
746.0,1.0,0.0,0.567,0.40101
747.0,1.0,0.0,0.558,0.40291
748.0,1.0,0.0,0.558,0.40145
749.0,1.0,0.0,0.564,0.4019
750.0,1.0,0.0,0.568,0.40102
751.0,1.0,0.0,0.55,0.40694
752.0,1.0,0.0,0.558,0.4077
753.0,1.0,0.0,0.541,0.4123
754.0,1.0,0.0,0.55,0.40801
755.0,1.0,0.0,0.543,0.41255
756.0,1.0,0.0,0.55,0.40816
757.0,1.0,0.0,0.556,0.4088
758.0,1.0,0.0,0.558,0.41246
759.0,1.0,0.0,0.55,0.41458
760.0,1.0,0.0,0.545,0.41608
761.0,1.0,0.0,0.545,0.4195
762.0,1.0,0.0,0.557,0.41589
763.0,1.0,0.0,0.548,0.41715
764.0,1.0,0.0,0.564,0.4123
765.0,1.0,0.0,0.555,0.41902
766.0,1.0,0.0,0.562,0.43935
767.0,1.0,0.0,0.537,0.44976
768.0,1.0,0.0,0.532,0.44472
769.0,1.0,0.0,0.535,0.44446
770.0,1.0,0.0,0.544,0.44093
771.0,1.0,0.0,0.531,0.44671
772.0,1.0,0.0,0.53,0.45166
773.0,1.0,0.0,0.53,0.44659
774.0,1.0,0.0,0.532,0.44686
775.0,1.0,0.0,0.532,0.44544
776.0,1.0,0.0,0.524,0.4522
777.0,1.0,0.0,0.524,0.45687
778.0,1.0,0.0,0.517,0.45706
779.0,1.0,0.0,0.522,0.45845
780.0,1.0,0.0,0.532,0.4447
781.0,1.0,0.0,0.51,0.46165
782.0,1.0,0.0,0.521,0.45711
783.0,1.0,0.0,0.52,0.45532
784.0,1.0,0.0,0.512,0.45809
785.0,1.0,0.0,0.51,0.4607
786.0,1.0,0.0,0.518,0.45768
787.0,1.0,0.0,0.515,0.45796
788.0,1.0,0.0,0.521,0.45485
789.0,1.0,0.0,0.522,0.45742
790.0,1.0,0.0,0.52,0.45795
791.0,1.0,0.0,0.521,0.45949
792.0,1.0,0.0,0.518,0.46074
793.0,1.0,0.0,0.514,0.46505
794.0,1.0,0.0,0.508,0.46345
795.0,1.0,0.0,0.514,0.46258
796.0,1.0,0.0,0.521,0.45718
797.0,1.0,0.0,0.546,0.44594
798.0,1.0,0.0,0.543,0.44189
799.0,1.0,0.0,0.528,0.44704
800.0,1.0,0.0,0.586,0.40235
801.0,1.0,0.0,0.541,0.42069
802.0,1.0,0.0,0.377,0.44017
803.0,0.0,1.0,0.4,0.55389
804.0,1.0,0.0,0.471,0.50236
805.0,1.0,0.0,0.543,0.44287
806.0,1.0,0.0,0.55,0.43725
807.0,1.0,0.0,0.531,0.45141
808.0,1.0,0.0,0.53,0.4523
809.0,1.0,0.0,0.535,0.45023
810.0,1.0,0.0,0.508,0.46315
811.0,1.0,0.0,0.492,0.47109
812.0,1.0,0.0,0.499,0.4685
813.0,1.0,0.0,0.501,0.46849
814.0,1.0,0.0,0.511,0.46268
815.0,1.0,0.0,0.511,0.46398
816.0,1.0,0.0,0.525,0.45231
817.0,1.0,0.0,0.528,0.45405
818.0,1.0,0.0,0.536,0.44819
819.0,1.0,0.0,0.526,0.45621
820.0,1.0,0.0,0.529,0.45535
821.0,1.0,0.0,0.522,0.45666
822.0,1.0,0.0,0.521,0.45641
823.0,1.0,0.0,0.529,0.45175
824.0,1.0,0.0,0.529,0.45143
825.0,1.0,0.0,0.525,0.45686
826.0,1.0,0.0,0.521,0.45931
827.0,1.0,0.0,0.52,0.45857
828.0,1.0,0.0,0.519,0.4603
829.0,1.0,0.0,0.52,0.46093
830.0,1.0,0.0,0.509,0.4634
831.0,1.0,0.0,0.529,0.45436
832.0,1.0,0.0,0.521,0.4586
833.0,1.0,0.0,0.525,0.45743
834.0,1.0,0.0,0.525,0.45409
835.0,1.0,0.0,0.52,0.45907
836.0,1.0,0.0,0.521,0.44914
837.0,1.0,0.0,0.508,0.45978
838.0,1.0,0.0,0.526,0.45706
839.0,1.0,0.0,0.519,0.46153
840.0,1.0,0.0,0.52,0.46089
841.0,1.0,0.0,0.52,0.46043
842.0,1.0,0.0,0.517,0.46142
843.0,1.0,0.0,0.532,0.45726
844.0,1.0,0.0,0.525,0.45896
845.0,1.0,0.0,0.518,0.4633
846.0,1.0,0.0,0.534,0.45421
847.0,1.0,0.0,0.538,0.45396
848.0,1.0,0.0,0.535,0.4556
849.0,1.0,0.0,0.514,0.4641
850.0,1.0,0.0,0.541,0.45192
851.0,1.0,0.0,0.526,0.45897
852.0,1.0,0.0,0.527,0.45933
853.0,1.0,0.0,0.52,0.46189
854.0,1.0,0.0,0.524,0.456
855.0,1.0,0.0,0.518,0.46173
856.0,1.0,0.0,0.525,0.4586
857.0,1.0,0.0,0.523,0.45829
858.0,1.0,0.0,0.521,0.46071
859.0,1.0,0.0,0.526,0.46022
860.0,1.0,0.0,0.526,0.4584
861.0,1.0,0.0,0.525,0.45929
862.0,1.0,0.0,0.524,0.4576
863.0,1.0,0.0,0.521,0.4613
864.0,1.0,0.0,0.536,0.45441
865.0,1.0,0.0,0.529,0.45733
866.0,1.0,0.0,0.535,0.45359
867.0,1.0,0.0,0.532,0.45632
868.0,1.0,0.0,0.524,0.45858
869.0,1.0,0.0,0.532,0.4542
870.0,1.0,0.0,0.535,0.44986
871.0,1.0,0.0,0.527,0.45797
872.0,1.0,0.0,0.538,0.44957
873.0,1.0,0.0,0.536,0.45697
874.0,1.0,0.0,0.589,0.38935
875.0,1.0,0.0,0.454,0.49653
876.0,1.0,0.0,0.367,0.50368
877.0,0.0,0.0,0.405,0.40781
878.0,1.0,0.0,0.426,0.50244
879.0,1.0,0.0,0.437,0.50701
880.0,1.0,0.0,0.424,0.50943
881.0,1.0,0.0,0.494,0.47184
882.0,1.0,0.0,0.539,0.44294
883.0,1.0,0.0,0.534,0.44758
884.0,1.0,0.0,0.549,0.44301
885.0,1.0,0.0,0.553,0.44285
886.0,1.0,0.0,0.546,0.44601
887.0,1.0,0.0,0.547,0.44719
888.0,1.0,0.0,0.545,0.44692
889.0,1.0,0.0,0.552,0.44716
890.0,1.0,0.0,0.55,0.44642
891.0,1.0,0.0,0.558,0.44247
892.0,1.0,0.0,0.563,0.44158
893.0,1.0,0.0,0.558,0.44512
894.0,1.0,0.0,0.569,0.43855
895.0,1.0,0.0,0.577,0.43444
896.0,1.0,0.0,0.569,0.43799
897.0,1.0,0.0,0.562,0.44274
898.0,1.0,0.0,0.563,0.4423
899.0,1.0,0.0,0.564,0.44069
900.0,1.0,0.0,0.563,0.44637
901.0,1.0,0.0,0.548,0.45194
902.0,1.0,0.0,0.552,0.44968
903.0,1.0,0.0,0.556,0.447
904.0,1.0,0.0,0.557,0.44495
905.0,1.0,0.0,0.552,0.44681
906.0,1.0,0.0,0.554,0.44852
907.0,1.0,0.0,0.557,0.44548
908.0,1.0,0.0,0.554,0.44314
909.0,1.0,0.0,0.561,0.43955
910.0,1.0,0.0,0.56,0.44152
911.0,1.0,0.0,0.566,0.44259
912.0,1.0,0.0,0.578,0.43168
913.0,1.0,0.0,0.581,0.42992
914.0,1.0,0.0,0.574,0.43413
915.0,1.0,0.0,0.573,0.43534
916.0,1.0,0.0,0.567,0.43606
917.0,1.0,0.0,0.56,0.43813
918.0,1.0,0.0,0.565,0.43718
919.0,1.0,0.0,0.552,0.44162
920.0,1.0,0.0,0.556,0.44003
921.0,1.0,0.0,0.568,0.43488
922.0,1.0,0.0,0.556,0.43971
923.0,1.0,0.0,0.565,0.43578
924.0,1.0,0.0,0.56,0.44969
925.0,1.0,0.0,0.554,0.4561
926.0,1.0,0.0,0.551,0.45275
927.0,1.0,0.0,0.541,0.46021
928.0,1.0,0.0,0.538,0.46024
929.0,1.0,0.0,0.55,0.455
930.0,1.0,0.0,0.546,0.45763
931.0,1.0,0.0,0.537,0.46235
932.0,1.0,0.0,0.537,0.46382
933.0,1.0,0.0,0.544,0.45958
934.0,1.0,0.0,0.539,0.46176
935.0,1.0,0.0,0.521,0.47006
936.0,1.0,0.0,0.537,0.46379
937.0,1.0,0.0,0.513,0.47263
938.0,1.0,0.0,0.524,0.46735
939.0,1.0,0.0,0.529,0.464
940.0,1.0,0.0,0.541,0.46041
941.0,1.0,0.0,0.55,0.45788
942.0,1.0,0.0,0.54,0.45797
943.0,1.0,0.0,0.538,0.46441
944.0,1.0,0.0,0.528,0.46291
945.0,1.0,0.0,0.543,0.462
946.0,1.0,0.0,0.541,0.46076
947.0,1.0,0.0,0.539,0.46129
948.0,1.0,0.0,0.545,0.45757
949.0,1.0,0.0,0.541,0.45687
950.0,1.0,0.0,0.546,0.45543
951.0,1.0,0.0,0.535,0.45898
952.0,1.0,0.0,0.538,0.45629
953.0,1.0,0.0,0.534,0.45825
954.0,1.0,0.0,0.54,0.45801
955.0,1.0,0.0,0.537,0.4595
956.0,1.0,0.0,0.542,0.45785
957.0,1.0,0.0,0.538,0.45958
958.0,1.0,0.0,0.538,0.45976
959.0,1.0,0.0,0.534,0.46143
960.0,1.0,0.0,0.552,0.45278
961.0,1.0,0.0,0.544,0.45622
962.0,1.0,0.0,0.537,0.45782
963.0,1.0,0.0,0.547,0.45174
964.0,1.0,0.0,0.543,0.45013
965.0,1.0,0.0,0.501,0.48185
966.0,1.0,0.0,0.527,0.46539
967.0,1.0,0.0,0.488,0.49525
968.0,1.0,0.0,0.481,0.49701
969.0,1.0,0.0,0.492,0.49194
970.0,1.0,0.0,0.516,0.47809
971.0,1.0,0.0,0.506,0.48118
972.0,1.0,0.0,0.509,0.48027
973.0,1.0,0.0,0.52,0.47627
974.0,1.0,0.0,0.521,0.47313
975.0,1.0,0.0,0.527,0.47003
976.0,1.0,0.0,0.525,0.47064
977.0,1.0,0.0,0.519,0.47584
978.0,1.0,0.0,0.523,0.47032
979.0,1.0,0.0,0.539,0.45433
980.0,1.0,0.0,0.467,0.48669
981.0,1.0,0.0,0.387,0.53437
982.0,1.0,0.0,0.389,0.53585
983.0,1.0,0.0,0.405,0.52955
984.0,1.0,0.0,0.459,0.49385
985.0,1.0,0.0,0.474,0.48158
986.0,1.0,0.0,0.504,0.46475
987.0,1.0,0.0,0.51,0.46074
988.0,1.0,0.0,0.504,0.46626
989.0,1.0,0.0,0.485,0.48459
990.0,1.0,0.0,0.469,0.49416
991.0,1.0,0.0,0.472,0.49388
992.0,1.0,0.0,0.485,0.48881
993.0,1.0,0.0,0.492,0.48564
994.0,1.0,0.0,0.485,0.49031
995.0,1.0,0.0,0.499,0.48223
996.0,1.0,0.0,0.484,0.49237
997.0,1.0,0.0,0.498,0.48774
998.0,1.0,0.0,0.505,0.48265
999.0,1.0,0.0,0.486,0.49289
1000.0,1.0,0.0,0.487,0.48849
1001.0,1.0,0.0,0.491,0.48954
1002.0,1.0,0.0,0.481,0.49443
1003.0,1.0,0.0,0.473,0.49768
1004.0,1.0,0.0,0.481,0.49277
1005.0,1.0,0.0,0.481,0.49439
1006.0,1.0,0.0,0.47,0.49798
1007.0,1.0,0.0,0.474,0.49763
1008.0,1.0,0.0,0.487,0.4915
1009.0,1.0,0.0,0.486,0.4918
1010.0,1.0,0.0,0.495,0.48569
1011.0,1.0,0.0,0.481,0.49346
1012.0,1.0,0.0,0.465,0.50158
1013.0,1.0,0.0,0.473,0.49746
1014.0,1.0,0.0,0.481,0.48825
1015.0,1.0,0.0,0.496,0.46522
1016.0,1.0,0.0,0.475,0.49329
1017.0,1.0,0.0,0.474,0.49473
1018.0,1.0,0.0,0.46,0.49927
1019.0,1.0,0.0,0.456,0.50222
1020.0,1.0,0.0,0.48,0.49169
1021.0,1.0,0.0,0.474,0.49481
1022.0,1.0,0.0,0.477,0.49183
1023.0,1.0,0.0,0.478,0.49152
1024.0,1.0,0.0,0.471,0.49489
1025.0,1.0,0.0,0.469,0.49783
1026.0,1.0,0.0,0.478,0.49198
1027.0,1.0,0.0,0.469,0.4965
1028.0,1.0,0.0,0.466,0.49783
1029.0,1.0,0.0,0.477,0.49463
1030.0,1.0,0.0,0.469,0.49548
1031.0,1.0,0.0,0.471,0.49598
1032.0,1.0,0.0,0.463,0.49908
1033.0,1.0,0.0,0.46,0.50067
1034.0,1.0,0.0,0.457,0.50285
1035.0,1.0,0.0,0.477,0.49348
1036.0,1.0,0.0,0.467,0.49451
1037.0,1.0,0.0,0.463,0.49863
1038.0,1.0,0.0,0.469,0.49794
1039.0,1.0,0.0,0.464,0.50011
1040.0,1.0,0.0,0.467,0.49582
1041.0,1.0,0.0,0.46,0.50154
1042.0,1.0,0.0,0.444,0.51039
1043.0,1.0,0.0,0.391,0.53954
1044.0,0.0,1.0,0.372,0.55499
1045.0,1.0,0.0,0.403,0.53542
1046.0,1.0,0.0,0.463,0.50265
1047.0,1.0,0.0,0.472,0.49857
1048.0,1.0,0.0,0.484,0.492
1049.0,1.0,0.0,0.482,0.49264
1050.0,0.0,1.0,0.375,0.55507
1051.0,0.0,1.0,0.385,0.56168
1052.0,0.0,1.0,0.386,0.56243
1053.0,1.0,0.0,0.371,0.55485
1054.0,0.0,1.0,0.384,0.56194
1055.0,0.0,1.0,0.384,0.56166
1056.0,1.0,0.0,0.378,0.55353
1057.0,1.0,0.0,0.421,0.531
1058.0,1.0,0.0,0.468,0.50583
1059.0,1.0,0.0,0.474,0.50416
1060.0,1.0,0.0,0.494,0.49218
1061.0,1.0,0.0,0.499,0.48779
1062.0,1.0,0.0,0.502,0.48412
1063.0,1.0,0.0,0.502,0.48465
1064.0,1.0,0.0,0.477,0.49368
1065.0,1.0,0.0,0.486,0.48733
1066.0,1.0,0.0,0.487,0.48809
1067.0,1.0,0.0,0.479,0.49241
1068.0,1.0,0.0,0.483,0.49018
1069.0,1.0,0.0,0.485,0.48838
1070.0,1.0,0.0,0.484,0.48985
1071.0,1.0,0.0,0.479,0.49093
1072.0,1.0,0.0,0.474,0.49335
1073.0,1.0,0.0,0.479,0.49004
1074.0,1.0,0.0,0.471,0.49026
1075.0,1.0,0.0,0.481,0.48853
1076.0,1.0,0.0,0.484,0.48669
1077.0,1.0,0.0,0.479,0.49167
1078.0,1.0,0.0,0.503,0.48123
1079.0,1.0,0.0,0.488,0.48266
1080.0,1.0,0.0,0.481,0.48659
1081.0,1.0,0.0,0.484,0.48432
1082.0,1.0,0.0,0.491,0.48059
1083.0,1.0,0.0,0.498,0.47978
1084.0,1.0,0.0,0.494,0.47716
1085.0,1.0,0.0,0.494,0.47792
1086.0,1.0,0.0,0.487,0.48194
1087.0,1.0,0.0,0.488,0.48299
1088.0,1.0,0.0,0.492,0.4816
1089.0,1.0,0.0,0.478,0.48584
1090.0,1.0,0.0,0.514,0.44475
1091.0,1.0,0.0,0.599,0.40286
1092.0,1.0,0.0,0.505,0.46016
1093.0,1.0,0.0,0.502,0.47817
1094.0,1.0,0.0,0.457,0.49915
1095.0,1.0,0.0,0.454,0.50178
1096.0,1.0,0.0,0.455,0.49959
1097.0,1.0,0.0,0.455,0.50117
1098.0,1.0,0.0,0.465,0.49145
1099.0,1.0,0.0,0.429,0.51325
1100.0,1.0,0.0,0.386,0.5474
1101.0,0.0,1.0,0.403,0.57451
1102.0,0.0,1.0,0.424,0.58503
1103.0,0.0,1.0,0.442,0.59499
1104.0,0.0,1.0,0.449,0.5982
1105.0,0.0,1.0,0.453,0.6007
1106.0,0.0,1.0,0.452,0.59959
1107.0,0.0,1.0,0.453,0.59959
1108.0,0.0,1.0,0.444,0.59457
1109.0,0.0,1.0,0.448,0.5971
1110.0,0.0,1.0,0.448,0.59685
1111.0,0.0,1.0,0.443,0.59371
1112.0,0.0,1.0,0.425,0.58365
1113.0,0.0,1.0,0.423,0.58128
1114.0,0.0,1.0,0.411,0.57455
1115.0,0.0,1.0,0.414,0.57582
1116.0,0.0,1.0,0.427,0.58556
1117.0,0.0,1.0,0.421,0.58125
1118.0,0.0,1.0,0.42,0.58106
1119.0,0.0,1.0,0.415,0.57889
1120.0,0.0,1.0,0.401,0.57059
1121.0,0.0,1.0,0.411,0.57641
1122.0,0.0,1.0,0.377,0.55514
1123.0,1.0,0.0,0.388,0.54105
1124.0,1.0,0.0,0.41,0.52634
1125.0,1.0,0.0,0.43,0.51349
1126.0,1.0,0.0,0.439,0.50416
1127.0,1.0,0.0,0.448,0.50305
1128.0,1.0,0.0,0.486,0.47978
1129.0,1.0,0.0,0.47,0.48462
1130.0,1.0,0.0,0.475,0.48478
1131.0,1.0,0.0,0.448,0.49471
1132.0,1.0,0.0,0.471,0.4833
1133.0,1.0,0.0,0.476,0.48082
1134.0,1.0,0.0,0.459,0.49059
1135.0,1.0,0.0,0.46,0.48863
1136.0,1.0,0.0,0.462,0.4851
1137.0,1.0,0.0,0.457,0.48814
1138.0,1.0,0.0,0.47,0.48458
1139.0,1.0,0.0,0.454,0.49194
1140.0,1.0,0.0,0.461,0.48987
1141.0,1.0,0.0,0.469,0.4858
1142.0,1.0,0.0,0.448,0.49533
1143.0,1.0,0.0,0.447,0.49678
1144.0,1.0,0.0,0.458,0.49204
1145.0,1.0,0.0,0.447,0.49572
1146.0,1.0,0.0,0.45,0.49417
1147.0,1.0,0.0,0.444,0.49702
1148.0,1.0,0.0,0.43,0.5025
1149.0,1.0,0.0,0.44,0.49852
1150.0,1.0,0.0,0.441,0.49831
1151.0,1.0,0.0,0.449,0.49432
1152.0,1.0,0.0,0.444,0.49707
1153.0,1.0,0.0,0.437,0.50145
1154.0,1.0,0.0,0.441,0.49919
1155.0,1.0,0.0,0.44,0.4995
1156.0,1.0,0.0,0.44,0.49924
1157.0,1.0,0.0,0.448,0.49935
1158.0,1.0,0.0,0.447,0.4969
1159.0,1.0,0.0,0.45,0.49678
1160.0,1.0,0.0,0.444,0.49913
1161.0,1.0,0.0,0.441,0.49917
1162.0,1.0,0.0,0.441,0.49915
1163.0,1.0,0.0,0.436,0.50089
1164.0,1.0,0.0,0.45,0.49199
1165.0,1.0,0.0,0.462,0.49049
1166.0,1.0,0.0,0.459,0.48692
1167.0,1.0,0.0,0.446,0.49443
1168.0,1.0,0.0,0.462,0.48881
1169.0,1.0,0.0,0.441,0.49891
1170.0,1.0,0.0,0.448,0.49587
1171.0,1.0,0.0,0.447,0.49682
1172.0,1.0,0.0,0.447,0.49418
1173.0,1.0,0.0,0.43,0.50458
1174.0,1.0,0.0,0.453,0.49243
1175.0,1.0,0.0,0.424,0.50683
1176.0,1.0,0.0,0.427,0.50532
1177.0,1.0,0.0,0.445,0.50015
1178.0,1.0,0.0,0.445,0.50277
1179.0,1.0,0.0,0.439,0.51
1180.0,1.0,0.0,0.446,0.50586
1181.0,1.0,0.0,0.457,0.49927
1182.0,1.0,0.0,0.473,0.49342
1183.0,1.0,0.0,0.464,0.49878
1184.0,1.0,0.0,0.467,0.49631
1185.0,1.0,0.0,0.449,0.50601
1186.0,1.0,0.0,0.458,0.50019
1187.0,1.0,0.0,0.46,0.50186
1188.0,1.0,0.0,0.457,0.50162
1189.0,1.0,0.0,0.452,0.50317
1190.0,1.0,0.0,0.447,0.50627
1191.0,1.0,0.0,0.445,0.5088
1192.0,1.0,0.0,0.452,0.50367
1193.0,1.0,0.0,0.444,0.51
1194.0,1.0,0.0,0.457,0.50161
1195.0,1.0,0.0,0.446,0.50841
1196.0,1.0,0.0,0.449,0.50655
1197.0,1.0,0.0,0.455,0.50386
1198.0,1.0,0.0,0.454,0.50175
1199.0,1.0,0.0,0.458,0.50178
1200.0,1.0,0.0,0.453,0.50292
1201.0,1.0,0.0,0.46,0.50051
1202.0,1.0,0.0,0.456,0.50004
1203.0,1.0,0.0,0.443,0.51014
1204.0,1.0,0.0,0.454,0.5019
1205.0,1.0,0.0,0.464,0.49751
1206.0,1.0,0.0,0.465,0.49621
1207.0,1.0,0.0,0.454,0.50354
1208.0,1.0,0.0,0.45,0.50397
1209.0,1.0,0.0,0.451,0.5043
1210.0,1.0,0.0,0.449,0.50661
1211.0,1.0,0.0,0.427,0.51294
1212.0,1.0,0.0,0.442,0.5065
1213.0,1.0,0.0,0.452,0.50452
1214.0,1.0,0.0,0.459,0.49818
1215.0,1.0,0.0,0.461,0.49669
1216.0,1.0,0.0,0.438,0.50675
1217.0,1.0,0.0,0.457,0.49822
1218.0,1.0,0.0,0.476,0.48678
1219.0,1.0,0.0,0.473,0.49355
1220.0,1.0,0.0,0.468,0.49471
1221.0,1.0,0.0,0.487,0.4862
1222.0,1.0,0.0,0.475,0.49075
1223.0,1.0,0.0,0.485,0.48467
1224.0,1.0,0.0,0.475,0.48895
1225.0,1.0,0.0,0.449,0.50464
1226.0,1.0,0.0,0.455,0.49893
1227.0,1.0,0.0,0.458,0.49991
1228.0,1.0,0.0,0.465,0.49404
1229.0,1.0,0.0,0.452,0.50141
1230.0,1.0,0.0,0.446,0.50518
1231.0,1.0,0.0,0.448,0.50216
1232.0,1.0,0.0,0.446,0.50428
1233.0,1.0,0.0,0.437,0.51155
1234.0,1.0,0.0,0.448,0.50361
1235.0,1.0,0.0,0.449,0.50287
1236.0,1.0,0.0,0.464,0.49312
1237.0,1.0,0.0,0.476,0.48395
1238.0,1.0,0.0,0.473,0.48021
1239.0,1.0,0.0,0.472,0.48036
1240.0,1.0,0.0,0.48,0.47638
1241.0,1.0,0.0,0.472,0.48033
1242.0,1.0,0.0,0.475,0.47827
1243.0,1.0,0.0,0.469,0.4794
1244.0,1.0,0.0,0.478,0.47417
1245.0,1.0,0.0,0.46,0.48572
1246.0,1.0,0.0,0.488,0.46889
1247.0,1.0,0.0,0.474,0.47861
1248.0,1.0,0.0,0.483,0.47142
1249.0,1.0,0.0,0.479,0.47677
1250.0,1.0,0.0,0.48,0.47369
1251.0,1.0,0.0,0.489,0.471
1252.0,1.0,0.0,0.488,0.47197
1253.0,1.0,0.0,0.482,0.47358
1254.0,1.0,0.0,0.479,0.47182
1255.0,1.0,0.0,0.484,0.47011
1256.0,1.0,0.0,0.483,0.47254
1257.0,1.0,0.0,0.48,0.47546
1258.0,1.0,0.0,0.477,0.47531
1259.0,1.0,0.0,0.475,0.47653
1260.0,1.0,0.0,0.502,0.46125
1261.0,1.0,0.0,0.496,0.46646
1262.0,1.0,0.0,0.501,0.46365
1263.0,1.0,0.0,0.495,0.46762
1264.0,1.0,0.0,0.494,0.46555
1265.0,1.0,0.0,0.491,0.46925
1266.0,1.0,0.0,0.43,0.49469
1267.0,1.0,0.0,0.405,0.50635
1268.0,1.0,0.0,0.367,0.54314
1269.0,0.0,1.0,0.385,0.5579
1270.0,0.0,1.0,0.374,0.55241
1271.0,1.0,0.0,0.381,0.54217
1272.0,0.0,1.0,0.398,0.56552
1273.0,0.0,1.0,0.409,0.57199
1274.0,0.0,1.0,0.412,0.5735
1275.0,0.0,1.0,0.418,0.57692
1276.0,0.0,1.0,0.423,0.5821
1277.0,0.0,1.0,0.435,0.5896
1278.0,0.0,1.0,0.437,0.59082
1279.0,0.0,1.0,0.441,0.59249
1280.0,0.0,1.0,0.446,0.59466
1281.0,0.0,1.0,0.454,0.59936
1282.0,0.0,1.0,0.451,0.59786
1283.0,0.0,1.0,0.452,0.59878
1284.0,0.0,1.0,0.424,0.58249
1285.0,0.0,1.0,0.429,0.58571
1286.0,0.0,1.0,0.416,0.5757
1287.0,0.0,1.0,0.405,0.56952
1288.0,0.0,1.0,0.378,0.55594
1289.0,1.0,0.0,0.387,0.53772
1290.0,1.0,0.0,0.406,0.52326
1291.0,1.0,0.0,0.411,0.51816
1292.0,1.0,0.0,0.442,0.50078
1293.0,1.0,0.0,0.46,0.49112
1294.0,1.0,0.0,0.482,0.47952
1295.0,1.0,0.0,0.492,0.47342
1296.0,1.0,0.0,0.486,0.47613
1297.0,1.0,0.0,0.497,0.47179
1298.0,1.0,0.0,0.493,0.47278
1299.0,1.0,0.0,0.488,0.47198
1300.0,1.0,0.0,0.496,0.46856
1301.0,1.0,0.0,0.49,0.47471
1302.0,1.0,0.0,0.498,0.46617
1303.0,1.0,0.0,0.506,0.46324
1304.0,1.0,0.0,0.493,0.46914
1305.0,1.0,0.0,0.494,0.47116
1306.0,1.0,0.0,0.478,0.47534
1307.0,1.0,0.0,0.49,0.47069
1308.0,1.0,0.0,0.485,0.47396
1309.0,1.0,0.0,0.498,0.46429
1310.0,1.0,0.0,0.479,0.47682
1311.0,1.0,0.0,0.473,0.4773
1312.0,1.0,0.0,0.505,0.46155
1313.0,1.0,0.0,0.483,0.47369
1314.0,1.0,0.0,0.484,0.46869
1315.0,1.0,0.0,0.491,0.46928
1316.0,1.0,0.0,0.483,0.46958
1317.0,1.0,0.0,0.484,0.47143
1318.0,1.0,0.0,0.48,0.47338
1319.0,1.0,0.0,0.474,0.47747
1320.0,1.0,0.0,0.466,0.47636
1321.0,1.0,0.0,0.471,0.47911
1322.0,1.0,0.0,0.484,0.47119
1323.0,1.0,0.0,0.491,0.46776
1324.0,1.0,0.0,0.485,0.4695
1325.0,1.0,0.0,0.497,0.46357
1326.0,1.0,0.0,0.408,0.50774
1327.0,0.0,1.0,0.391,0.56201
1328.0,0.0,1.0,0.42,0.58062
1329.0,0.0,1.0,0.432,0.5887
1330.0,0.0,1.0,0.429,0.58627
1331.0,0.0,1.0,0.416,0.58005
1332.0,0.0,1.0,0.435,0.5884
1333.0,0.0,1.0,0.435,0.58713
1334.0,0.0,1.0,0.442,0.59199
1335.0,0.0,1.0,0.439,0.59112
1336.0,0.0,1.0,0.436,0.5891
1337.0,0.0,1.0,0.436,0.58986
1338.0,0.0,1.0,0.424,0.5823
1339.0,0.0,1.0,0.425,0.582
1340.0,0.0,1.0,0.419,0.57576
1341.0,0.0,1.0,0.409,0.5698
1342.0,0.0,1.0,0.372,0.55193
1343.0,1.0,0.0,0.377,0.54083
1344.0,1.0,0.0,0.404,0.52697
1345.0,1.0,0.0,0.42,0.51859
1346.0,1.0,0.0,0.424,0.51553
1347.0,1.0,0.0,0.433,0.51289
1348.0,1.0,0.0,0.457,0.49554
1349.0,1.0,0.0,0.462,0.49577
1350.0,1.0,0.0,0.479,0.4858
1351.0,1.0,0.0,0.487,0.48506
1352.0,1.0,0.0,0.501,0.47584
1353.0,1.0,0.0,0.486,0.4853
1354.0,1.0,0.0,0.49,0.4834
1355.0,1.0,0.0,0.463,0.49537
1356.0,1.0,0.0,0.408,0.52174
1357.0,1.0,0.0,0.413,0.52071
1358.0,1.0,0.0,0.433,0.51102
1359.0,1.0,0.0,0.463,0.49749
1360.0,1.0,0.0,0.477,0.48959
1361.0,1.0,0.0,0.487,0.48461
1362.0,1.0,0.0,0.486,0.48386
1363.0,1.0,0.0,0.481,0.48595
1364.0,1.0,0.0,0.481,0.48488
1365.0,1.0,0.0,0.494,0.47739
1366.0,1.0,0.0,0.484,0.48144
1367.0,1.0,0.0,0.479,0.4871
1368.0,1.0,0.0,0.469,0.49469
1369.0,1.0,0.0,0.483,0.48677
1370.0,1.0,0.0,0.491,0.48449
1371.0,1.0,0.0,0.476,0.49029
1372.0,1.0,0.0,0.486,0.48434
1373.0,1.0,0.0,0.471,0.49035
1374.0,1.0,0.0,0.472,0.49007
1375.0,1.0,0.0,0.469,0.48956
1376.0,1.0,0.0,0.478,0.48513
1377.0,1.0,0.0,0.481,0.48475
1378.0,1.0,0.0,0.491,0.4791
1379.0,1.0,0.0,0.477,0.48717
1380.0,1.0,0.0,0.465,0.49286
1381.0,1.0,0.0,0.469,0.49069
1382.0,1.0,0.0,0.458,0.49632
1383.0,1.0,0.0,0.468,0.49142
1384.0,1.0,0.0,0.462,0.49377
1385.0,1.0,0.0,0.461,0.49584
1386.0,1.0,0.0,0.455,0.49604
1387.0,1.0,0.0,0.452,0.49714
1388.0,1.0,0.0,0.451,0.49773
1389.0,1.0,0.0,0.453,0.4999
1390.0,1.0,0.0,0.46,0.4954
1391.0,1.0,0.0,0.461,0.49457
1392.0,1.0,0.0,0.456,0.49727
1393.0,1.0,0.0,0.459,0.49521
1394.0,1.0,0.0,0.473,0.48663
1395.0,1.0,0.0,0.455,0.497
1396.0,1.0,0.0,0.455,0.49509
1397.0,1.0,0.0,0.449,0.50179
1398.0,1.0,0.0,0.452,0.49691
1399.0,1.0,0.0,0.444,0.50134
1400.0,1.0,0.0,0.455,0.49645
1401.0,1.0,0.0,0.457,0.49625
1402.0,1.0,0.0,0.463,0.49152
1403.0,1.0,0.0,0.462,0.49525
1404.0,1.0,0.0,0.467,0.49096
1405.0,1.0,0.0,0.474,0.48979
1406.0,1.0,0.0,0.478,0.48548
1407.0,1.0,0.0,0.48,0.4861
1408.0,1.0,0.0,0.477,0.48563
1409.0,1.0,0.0,0.46,0.49543
1410.0,1.0,0.0,0.465,0.49026
1411.0,1.0,0.0,0.471,0.48858
1412.0,1.0,0.0,0.472,0.4825
1413.0,1.0,0.0,0.478,0.48123
1414.0,1.0,0.0,0.498,0.46898
1415.0,1.0,0.0,0.493,0.47299
1416.0,1.0,0.0,0.497,0.47112
1417.0,1.0,0.0,0.393,0.50084
1418.0,1.0,0.0,0.438,0.49425
1419.0,1.0,0.0,0.397,0.51937
1420.0,1.0,0.0,0.408,0.51225
1421.0,1.0,0.0,0.414,0.50848
1422.0,1.0,0.0,0.402,0.51437
1423.0,1.0,0.0,0.423,0.50054
1424.0,1.0,0.0,0.414,0.50659
1425.0,1.0,0.0,0.405,0.51057
1426.0,1.0,0.0,0.405,0.51393
1427.0,1.0,0.0,0.404,0.51174
1428.0,1.0,0.0,0.427,0.49703
1429.0,1.0,0.0,0.416,0.50399
1430.0,1.0,0.0,0.395,0.51573
1431.0,1.0,0.0,0.371,0.5384
1432.0,1.0,0.0,0.371,0.53758
1433.0,1.0,0.0,0.385,0.52809
1434.0,1.0,0.0,0.426,0.50568
1435.0,1.0,0.0,0.438,0.49758
1436.0,1.0,0.0,0.422,0.50476
1437.0,1.0,0.0,0.442,0.49427
1438.0,1.0,0.0,0.423,0.50359
1439.0,1.0,0.0,0.431,0.50014
1440.0,1.0,0.0,0.418,0.50997
1441.0,1.0,0.0,0.415,0.51043
1442.0,1.0,0.0,0.414,0.50811
1443.0,1.0,0.0,0.419,0.5072
1444.0,1.0,0.0,0.404,0.5107
1445.0,1.0,0.0,0.421,0.50325
1446.0,1.0,0.0,0.418,0.50605
1447.0,1.0,0.0,0.41,0.50795
1448.0,1.0,0.0,0.416,0.5053
1449.0,1.0,0.0,0.414,0.50593
1450.0,1.0,0.0,0.41,0.50862
1451.0,1.0,0.0,0.427,0.50077
1452.0,1.0,0.0,0.415,0.50285
1453.0,1.0,0.0,0.408,0.50952
1454.0,1.0,0.0,0.416,0.50442
1455.0,1.0,0.0,0.424,0.49853
1456.0,1.0,0.0,0.406,0.50856
1457.0,1.0,0.0,0.4,0.51146
1458.0,1.0,0.0,0.417,0.50303
1459.0,1.0,0.0,0.421,0.50027
1460.0,1.0,0.0,0.417,0.50145
1461.0,1.0,0.0,0.421,0.50371
1462.0,1.0,0.0,0.422,0.49882
1463.0,1.0,0.0,0.427,0.49956
1464.0,1.0,0.0,0.42,0.50066
1465.0,1.0,0.0,0.416,0.50564
1466.0,1.0,0.0,0.428,0.4989
1467.0,1.0,0.0,0.415,0.50757
1468.0,1.0,0.0,0.421,0.50211
1469.0,1.0,0.0,0.431,0.49557
1470.0,1.0,0.0,0.415,0.50389
1471.0,1.0,0.0,0.418,0.50444
1472.0,1.0,0.0,0.429,0.49592
1473.0,1.0,0.0,0.42,0.50191
1474.0,1.0,0.0,0.41,0.50848
1475.0,1.0,0.0,0.407,0.50992
1476.0,1.0,0.0,0.423,0.50294
1477.0,1.0,0.0,0.417,0.50579
1478.0,1.0,0.0,0.416,0.50321
1479.0,1.0,0.0,0.426,0.50046
1480.0,1.0,0.0,0.427,0.49878
1481.0,1.0,0.0,0.41,0.50945
1482.0,1.0,0.0,0.423,0.50057
1483.0,1.0,0.0,0.423,0.50378
1484.0,1.0,0.0,0.423,0.49915
1485.0,1.0,0.0,0.417,0.50586
1486.0,1.0,0.0,0.439,0.49271
1487.0,1.0,0.0,0.437,0.49609
1488.0,1.0,0.0,0.428,0.49852
1489.0,1.0,0.0,0.426,0.50062
1490.0,1.0,0.0,0.433,0.49697
1491.0,1.0,0.0,0.434,0.49806
1492.0,1.0,0.0,0.423,0.50381
1493.0,1.0,0.0,0.42,0.50673
1494.0,1.0,0.0,0.441,0.49399
1495.0,1.0,0.0,0.433,0.4993
1496.0,1.0,0.0,0.426,0.50272
1497.0,1.0,0.0,0.437,0.49707
1498.0,1.0,0.0,0.434,0.49747
1499.0,1.0,0.0,0.424,0.50366
1500.0,1.0,0.0,0.416,0.50229
1501.0,1.0,0.0,0.424,0.50172
1502.0,1.0,0.0,0.417,0.50266
1503.0,1.0,0.0,0.427,0.49844
1504.0,1.0,0.0,0.424,0.50035
1505.0,1.0,0.0,0.42,0.50069
1506.0,1.0,0.0,0.426,0.49597
1507.0,1.0,0.0,0.432,0.49512
1508.0,1.0,0.0,0.423,0.49916
1509.0,1.0,0.0,0.424,0.49896
1510.0,1.0,0.0,0.421,0.50123
1511.0,1.0,0.0,0.412,0.50217
1512.0,1.0,0.0,0.437,0.49285
1513.0,1.0,0.0,0.442,0.49247
1514.0,1.0,0.0,0.432,0.4964
1515.0,1.0,0.0,0.427,0.49953
1516.0,1.0,0.0,0.431,0.49557
1517.0,1.0,0.0,0.421,0.50336
1518.0,1.0,0.0,0.436,0.49435
1519.0,1.0,0.0,0.436,0.49451
1520.0,1.0,0.0,0.43,0.49738
1521.0,1.0,0.0,0.437,0.49577
1522.0,1.0,0.0,0.427,0.50051
1523.0,1.0,0.0,0.42,0.50227
1524.0,1.0,0.0,0.427,0.49495
1525.0,1.0,0.0,0.424,0.49816
1526.0,1.0,0.0,0.415,0.50209
1527.0,1.0,0.0,0.446,0.4881
1528.0,1.0,0.0,0.427,0.49437
1529.0,1.0,0.0,0.434,0.49426
1530.0,1.0,0.0,0.435,0.49155
1531.0,1.0,0.0,0.428,0.49666
1532.0,1.0,0.0,0.443,0.4893
1533.0,1.0,0.0,0.437,0.49168
1534.0,1.0,0.0,0.425,0.49953
1535.0,1.0,0.0,0.42,0.50252
1536.0,1.0,0.0,0.425,0.50012
1537.0,1.0,0.0,0.418,0.50629
1538.0,1.0,0.0,0.421,0.50534
1539.0,1.0,0.0,0.398,0.51805
1540.0,1.0,0.0,0.362,0.54097
1541.0,0.0,1.0,0.394,0.56185
1542.0,0.0,1.0,0.398,0.56395
1543.0,0.0,1.0,0.408,0.56996
1544.0,0.0,1.0,0.404,0.56903
1545.0,0.0,1.0,0.411,0.57378
1546.0,0.0,1.0,0.421,0.57976
1547.0,0.0,1.0,0.423,0.58059
1548.0,0.0,1.0,0.433,0.58759
1549.0,0.0,1.0,0.437,0.58989
1550.0,0.0,1.0,0.433,0.58776
1551.0,0.0,1.0,0.438,0.59083
1552.0,0.0,1.0,0.434,0.58852
1553.0,0.0,1.0,0.437,0.58977
1554.0,0.0,1.0,0.431,0.58529
1555.0,0.0,1.0,0.429,0.58161
1556.0,0.0,1.0,0.417,0.57385
1557.0,0.0,1.0,0.403,0.56457
1558.0,0.0,1.0,0.397,0.56045
1559.0,0.0,1.0,0.396,0.5604
1560.0,1.0,0.0,0.364,0.54271
1561.0,1.0,0.0,0.373,0.53514
1562.0,1.0,0.0,0.372,0.53449
1563.0,1.0,0.0,0.382,0.53022
1564.0,1.0,0.0,0.389,0.52327
1565.0,1.0,0.0,0.392,0.52481
1566.0,1.0,0.0,0.428,0.50679
1567.0,1.0,0.0,0.417,0.51049
1568.0,1.0,0.0,0.427,0.50252
1569.0,1.0,0.0,0.432,0.50178
1570.0,1.0,0.0,0.416,0.51054
1571.0,1.0,0.0,0.419,0.50991
1572.0,1.0,0.0,0.414,0.50776
1573.0,1.0,0.0,0.416,0.50838
1574.0,1.0,0.0,0.419,0.50521
1575.0,1.0,0.0,0.411,0.50861
1576.0,1.0,0.0,0.415,0.50712
1577.0,1.0,0.0,0.402,0.51438
1578.0,1.0,0.0,0.422,0.50281
1579.0,1.0,0.0,0.418,0.50461
1580.0,1.0,0.0,0.417,0.50616
1581.0,1.0,0.0,0.414,0.5076
1582.0,1.0,0.0,0.429,0.49899
1583.0,1.0,0.0,0.423,0.50482
1584.0,1.0,0.0,0.404,0.51077
1585.0,1.0,0.0,0.418,0.50445
1586.0,1.0,0.0,0.432,0.49781
1587.0,1.0,0.0,0.421,0.50638
1588.0,1.0,0.0,0.436,0.49457
1589.0,1.0,0.0,0.424,0.50262
1590.0,1.0,0.0,0.422,0.50501
1591.0,1.0,0.0,0.387,0.52472
1592.0,1.0,0.0,0.391,0.5224
1593.0,1.0,0.0,0.4,0.51976
1594.0,1.0,0.0,0.408,0.51421
1595.0,1.0,0.0,0.419,0.50843
1596.0,1.0,0.0,0.408,0.51048
1597.0,1.0,0.0,0.42,0.50606
1598.0,1.0,0.0,0.426,0.50409
1599.0,1.0,0.0,0.411,0.51238
1600.0,1.0,0.0,0.426,0.50175
1601.0,1.0,0.0,0.407,0.51012
1602.0,1.0,0.0,0.41,0.50925
1603.0,1.0,0.0,0.388,0.52446
1604.0,1.0,0.0,0.395,0.51958
1605.0,1.0,0.0,0.399,0.51714
1606.0,1.0,0.0,0.393,0.51382
1607.0,1.0,0.0,0.407,0.51105
1608.0,1.0,0.0,0.405,0.51103
1609.0,1.0,0.0,0.417,0.50685
1610.0,1.0,0.0,0.382,0.52244
1611.0,0.0,1.0,0.396,0.56157
1612.0,0.0,1.0,0.424,0.57814
1613.0,0.0,1.0,0.414,0.57349
1614.0,0.0,1.0,0.423,0.57975
1615.0,0.0,1.0,0.425,0.58141
1616.0,0.0,1.0,0.425,0.58145
1617.0,0.0,1.0,0.428,0.5829
1618.0,0.0,1.0,0.425,0.58082
1619.0,0.0,1.0,0.422,0.57937
1620.0,0.0,1.0,0.405,0.56886
1621.0,0.0,1.0,0.415,0.5728
1622.0,0.0,1.0,0.408,0.56841
1623.0,0.0,1.0,0.39,0.55655
1624.0,0.0,1.0,0.381,0.55149
1625.0,0.0,1.0,0.365,0.54363
1626.0,1.0,0.0,0.37,0.53353
1627.0,1.0,0.0,0.388,0.5259
1628.0,1.0,0.0,0.4,0.5179
1629.0,1.0,0.0,0.411,0.51392
1630.0,1.0,0.0,0.427,0.50104
1631.0,1.0,0.0,0.423,0.50729
1632.0,1.0,0.0,0.429,0.49972
1633.0,1.0,0.0,0.435,0.49679
1634.0,1.0,0.0,0.433,0.49525
1635.0,1.0,0.0,0.442,0.49191
1636.0,1.0,0.0,0.437,0.49493
1637.0,1.0,0.0,0.426,0.4987
1638.0,1.0,0.0,0.412,0.50339
1639.0,1.0,0.0,0.43,0.4978
1640.0,1.0,0.0,0.418,0.50251
1641.0,1.0,0.0,0.422,0.49573
1642.0,1.0,0.0,0.411,0.49431
1643.0,1.0,0.0,0.414,0.49493
1644.0,1.0,0.0,0.414,0.49573
1645.0,1.0,0.0,0.432,0.49632
1646.0,1.0,0.0,0.437,0.4923
1647.0,1.0,0.0,0.491,0.47389
1648.0,0.0,1.0,0.474,0.6066
1649.0,0.0,1.0,0.397,0.56856
1650.0,1.0,0.0,0.469,0.4713
1651.0,1.0,0.0,0.446,0.48159
1652.0,1.0,0.0,0.434,0.48908
1653.0,1.0,0.0,0.431,0.49581
1654.0,1.0,0.0,0.419,0.49849
1655.0,1.0,0.0,0.433,0.48701
1656.0,1.0,0.0,0.445,0.48088
1657.0,1.0,0.0,0.434,0.48894
1658.0,1.0,0.0,0.437,0.48769
1659.0,1.0,0.0,0.448,0.48155
1660.0,1.0,0.0,0.434,0.48545
1661.0,1.0,0.0,0.442,0.48295
1662.0,1.0,0.0,0.44,0.48035
1663.0,1.0,0.0,0.435,0.48642
1664.0,1.0,0.0,0.448,0.48072
1665.0,1.0,0.0,0.438,0.48598
1666.0,1.0,0.0,0.448,0.4827
1667.0,1.0,0.0,0.424,0.49452
1668.0,1.0,0.0,0.447,0.47331
1669.0,1.0,0.0,0.464,0.47343
1670.0,1.0,0.0,0.573,0.4288
1671.0,0.0,0.0,0.455,0.35399
1672.0,0.0,0.0,0.562,0.27734
1673.0,1.0,0.0,0.368,0.49278
1674.0,0.0,1.0,0.553,0.6474
1675.0,1.0,0.0,0.479,0.42994
1676.0,1.0,0.0,0.575,0.40188
1677.0,1.0,0.0,0.442,0.47936
1678.0,1.0,0.0,0.457,0.471
1679.0,1.0,0.0,0.465,0.44997
1680.0,1.0,0.0,0.455,0.46064
1681.0,1.0,0.0,0.465,0.46181
1682.0,1.0,0.0,0.469,0.45831
1683.0,1.0,0.0,0.484,0.45645
1684.0,1.0,0.0,0.488,0.45324
1685.0,1.0,0.0,0.472,0.46249
1686.0,1.0,0.0,0.474,0.46154
1687.0,1.0,0.0,0.479,0.45828
1688.0,1.0,0.0,0.511,0.44494
1689.0,1.0,0.0,0.488,0.46448
1690.0,1.0,0.0,0.501,0.46518
1691.0,1.0,0.0,0.501,0.4649
1692.0,1.0,0.0,0.504,0.45914
1693.0,1.0,0.0,0.495,0.4622
1694.0,1.0,0.0,0.507,0.45471
1695.0,1.0,0.0,0.488,0.46234
1696.0,1.0,0.0,0.485,0.45798
1697.0,1.0,0.0,0.476,0.46373
1698.0,1.0,0.0,0.492,0.45671
1699.0,1.0,0.0,0.469,0.4651
1700.0,1.0,0.0,0.482,0.45928
1701.0,1.0,0.0,0.466,0.4665
1702.0,1.0,0.0,0.467,0.46576
1703.0,1.0,0.0,0.47,0.46511
1704.0,1.0,0.0,0.461,0.47106
1705.0,1.0,0.0,0.465,0.46953
1706.0,1.0,0.0,0.445,0.48016
1707.0,1.0,0.0,0.454,0.47664
1708.0,1.0,0.0,0.456,0.46778
1709.0,1.0,0.0,0.469,0.4696
1710.0,1.0,0.0,0.482,0.46358
1711.0,1.0,0.0,0.465,0.46874
1712.0,1.0,0.0,0.461,0.47022
1713.0,1.0,0.0,0.46,0.47113
1714.0,1.0,0.0,0.466,0.46654
1715.0,1.0,0.0,0.462,0.46899
1716.0,1.0,0.0,0.45,0.47575
1717.0,1.0,0.0,0.446,0.4797
1718.0,1.0,0.0,0.436,0.48171
1719.0,1.0,0.0,0.446,0.47851
1720.0,1.0,0.0,0.437,0.48065
1721.0,1.0,0.0,0.445,0.47839
1722.0,1.0,0.0,0.451,0.47237
1723.0,1.0,0.0,0.446,0.47474
1724.0,1.0,0.0,0.454,0.47402
1725.0,1.0,0.0,0.452,0.47365
1726.0,1.0,0.0,0.449,0.47494
1727.0,1.0,0.0,0.463,0.46799
1728.0,1.0,0.0,0.48,0.4595
1729.0,1.0,0.0,0.474,0.4629
1730.0,1.0,0.0,0.475,0.46195
1731.0,1.0,0.0,0.465,0.46749
1732.0,1.0,0.0,0.463,0.46502
1733.0,1.0,0.0,0.462,0.46789
1734.0,1.0,0.0,0.463,0.46797
1735.0,1.0,0.0,0.45,0.47637
1736.0,1.0,0.0,0.467,0.46859
1737.0,1.0,0.0,0.467,0.46925
1738.0,1.0,0.0,0.462,0.47146
1739.0,1.0,0.0,0.475,0.46679
1740.0,1.0,0.0,0.459,0.47083
1741.0,1.0,0.0,0.462,0.47315
1742.0,1.0,0.0,0.462,0.4702
1743.0,1.0,0.0,0.455,0.47435
1744.0,1.0,0.0,0.467,0.4654
1745.0,1.0,0.0,0.457,0.47307
1746.0,1.0,0.0,0.451,0.47194
1747.0,1.0,0.0,0.451,0.47711
1748.0,1.0,0.0,0.446,0.47689
1749.0,1.0,0.0,0.438,0.47873
1750.0,1.0,0.0,0.451,0.47409
1751.0,1.0,0.0,0.453,0.4741
1752.0,1.0,0.0,0.464,0.46933
1753.0,1.0,0.0,0.466,0.46873
1754.0,1.0,0.0,0.456,0.47137
1755.0,1.0,0.0,0.45,0.47631
1756.0,1.0,0.0,0.459,0.47121
1757.0,1.0,0.0,0.459,0.47376
1758.0,1.0,0.0,0.457,0.47238
1759.0,1.0,0.0,0.473,0.46995
1760.0,1.0,0.0,0.488,0.44425
1761.0,1.0,0.0,0.488,0.47038
1762.0,1.0,0.0,0.494,0.47137
1763.0,1.0,0.0,0.503,0.468
1764.0,1.0,0.0,0.51,0.45256
1765.0,1.0,0.0,0.505,0.44795
1766.0,1.0,0.0,0.506,0.44811
1767.0,1.0,0.0,0.544,0.44337
1768.0,1.0,0.0,0.437,0.52005
1769.0,1.0,0.0,0.501,0.4725
1770.0,1.0,0.0,0.485,0.48058
1771.0,1.0,0.0,0.426,0.47532
1772.0,1.0,0.0,0.449,0.50081
1773.0,1.0,0.0,0.424,0.48892
1774.0,1.0,0.0,0.423,0.48492
1775.0,1.0,0.0,0.404,0.52367
1776.0,1.0,0.0,0.436,0.48031
1777.0,1.0,0.0,0.418,0.5
1778.0,1.0,0.0,0.385,0.50504
1779.0,1.0,0.0,0.427,0.49241
1780.0,1.0,0.0,0.489,0.47493
1781.0,1.0,0.0,0.451,0.47093
1782.0,1.0,0.0,0.433,0.48232
1783.0,1.0,0.0,0.438,0.48296
1784.0,1.0,0.0,0.422,0.49153
1785.0,1.0,0.0,0.413,0.50065
1786.0,1.0,0.0,0.407,0.50108
1787.0,1.0,0.0,0.402,0.50476
1788.0,1.0,0.0,0.406,0.50121
1789.0,1.0,0.0,0.411,0.50009
1790.0,1.0,0.0,0.405,0.50356
1791.0,1.0,0.0,0.412,0.50307
1792.0,1.0,0.0,0.397,0.50772
1793.0,1.0,0.0,0.401,0.50216
1794.0,1.0,0.0,0.409,0.50109
1795.0,1.0,0.0,0.409,0.50228
1796.0,1.0,0.0,0.393,0.5072
1797.0,1.0,0.0,0.376,0.51725
1798.0,1.0,0.0,0.366,0.51942
1799.0,1.0,0.0,0.391,0.50977
1800.0,1.0,0.0,0.417,0.49221
1801.0,1.0,0.0,0.427,0.49029
1802.0,1.0,0.0,0.424,0.49014
1803.0,1.0,0.0,0.439,0.48339
1804.0,1.0,0.0,0.425,0.48721
1805.0,1.0,0.0,0.43,0.48879
1806.0,1.0,0.0,0.439,0.4795
1807.0,1.0,0.0,0.436,0.48737
1808.0,1.0,0.0,0.435,0.48886
1809.0,1.0,0.0,0.425,0.49039
1810.0,1.0,0.0,0.423,0.49382
1811.0,1.0,0.0,0.425,0.4957
1812.0,1.0,0.0,0.376,0.51503
1813.0,1.0,0.0,0.372,0.51998
1814.0,1.0,0.0,0.375,0.51882
1815.0,1.0,0.0,0.4,0.50641
1816.0,1.0,0.0,0.399,0.50486
1817.0,1.0,0.0,0.387,0.50949
1818.0,1.0,0.0,0.398,0.50293
1819.0,1.0,0.0,0.38,0.50907
1820.0,1.0,0.0,0.398,0.50417
1821.0,1.0,0.0,0.399,0.50468
1822.0,1.0,0.0,0.415,0.49845
1823.0,1.0,0.0,0.416,0.4993
1824.0,1.0,0.0,0.418,0.49251
1825.0,1.0,0.0,0.421,0.49073
1826.0,1.0,0.0,0.423,0.48955
1827.0,1.0,0.0,0.428,0.48605
1828.0,1.0,0.0,0.423,0.48931
1829.0,1.0,0.0,0.42,0.49495
1830.0,1.0,0.0,0.424,0.49357
1831.0,1.0,0.0,0.373,0.51766
1832.0,1.0,0.0,0.391,0.51083
1833.0,1.0,0.0,0.393,0.50599
1834.0,1.0,0.0,0.419,0.49645
1835.0,1.0,0.0,0.407,0.50317
1836.0,1.0,0.0,0.433,0.48462
1837.0,1.0,0.0,0.427,0.48737
1838.0,1.0,0.0,0.452,0.4813
1839.0,1.0,0.0,0.409,0.50451
1840.0,1.0,0.0,0.395,0.50513
1841.0,1.0,0.0,0.396,0.50729
1842.0,1.0,0.0,0.409,0.50522
1843.0,1.0,0.0,0.398,0.50945
1844.0,1.0,0.0,0.4,0.50841
1845.0,1.0,0.0,0.403,0.50607
1846.0,1.0,0.0,0.407,0.5025
1847.0,1.0,0.0,0.407,0.50229
1848.0,1.0,0.0,0.416,0.49691
1849.0,1.0,0.0,0.421,0.49664
1850.0,1.0,0.0,0.426,0.49369
1851.0,1.0,0.0,0.416,0.49606
1852.0,1.0,0.0,0.424,0.49569
1853.0,1.0,0.0,0.399,0.5076
1854.0,0.0,1.0,0.364,0.54189
1855.0,0.0,1.0,0.386,0.55126
1856.0,0.0,1.0,0.373,0.54213
1857.0,0.0,1.0,0.369,0.54104
1858.0,1.0,0.0,0.363,0.52247
1859.0,1.0,0.0,0.374,0.52755
1860.0,1.0,0.0,0.382,0.52258
1861.0,1.0,0.0,0.391,0.52328
1862.0,1.0,0.0,0.405,0.51106
1863.0,1.0,0.0,0.417,0.50169
1864.0,1.0,0.0,0.402,0.50658
1865.0,1.0,0.0,0.4,0.50501
1866.0,1.0,0.0,0.401,0.50634
1867.0,1.0,0.0,0.402,0.50422
1868.0,1.0,0.0,0.412,0.49971
1869.0,1.0,0.0,0.424,0.49508
1870.0,1.0,0.0,0.423,0.49285
1871.0,1.0,0.0,0.417,0.49853
1872.0,1.0,0.0,0.442,0.48892
1873.0,1.0,0.0,0.388,0.52456
1874.0,1.0,0.0,0.378,0.52365
1875.0,1.0,0.0,0.392,0.51903
1876.0,1.0,0.0,0.395,0.50817
1877.0,1.0,0.0,0.383,0.52663
1878.0,1.0,0.0,0.411,0.51274
1879.0,1.0,0.0,0.407,0.50786
1880.0,1.0,0.0,0.45,0.48793
1881.0,1.0,0.0,0.424,0.50127
1882.0,1.0,0.0,0.427,0.49308
1883.0,1.0,0.0,0.419,0.4962
1884.0,1.0,0.0,0.418,0.501
1885.0,1.0,0.0,0.408,0.50507
1886.0,1.0,0.0,0.421,0.4972
1887.0,1.0,0.0,0.427,0.49522
1888.0,1.0,0.0,0.477,0.47991
1889.0,1.0,0.0,0.437,0.50218
1890.0,1.0,0.0,0.4,0.51868
1891.0,1.0,0.0,0.4,0.52023
1892.0,1.0,0.0,0.43,0.49938
1893.0,1.0,0.0,0.445,0.48863
1894.0,1.0,0.0,0.465,0.4806
1895.0,1.0,0.0,0.459,0.48492
1896.0,1.0,0.0,0.429,0.49947
1897.0,1.0,0.0,0.423,0.50144
1898.0,1.0,0.0,0.426,0.50276
1899.0,1.0,0.0,0.429,0.50014
1900.0,1.0,0.0,0.429,0.49738
1901.0,1.0,0.0,0.419,0.50347
1902.0,1.0,0.0,0.431,0.49876
1903.0,1.0,0.0,0.414,0.50959
1904.0,1.0,0.0,0.444,0.49026
1905.0,1.0,0.0,0.449,0.48867
1906.0,1.0,0.0,0.473,0.47799
1907.0,1.0,0.0,0.454,0.48682
1908.0,1.0,0.0,0.513,0.45532
1909.0,1.0,0.0,0.503,0.46209
1910.0,1.0,0.0,0.493,0.46826
1911.0,1.0,0.0,0.413,0.50866
1912.0,1.0,0.0,0.372,0.52883
1913.0,1.0,0.0,0.381,0.52982
1914.0,1.0,0.0,0.398,0.52169
1915.0,1.0,0.0,0.415,0.51086
1916.0,1.0,0.0,0.416,0.51248
1917.0,1.0,0.0,0.373,0.53322
1918.0,1.0,0.0,0.401,0.51826
1919.0,1.0,0.0,0.4,0.51725
1920.0,1.0,0.0,0.454,0.48817
1921.0,1.0,0.0,0.43,0.49942
1922.0,1.0,0.0,0.441,0.49182
1923.0,1.0,0.0,0.457,0.48286
1924.0,1.0,0.0,0.449,0.48676
1925.0,1.0,0.0,0.467,0.47815
1926.0,1.0,0.0,0.467,0.47627
1927.0,1.0,0.0,0.46,0.48111
1928.0,1.0,0.0,0.481,0.47104
1929.0,1.0,0.0,0.465,0.47996
1930.0,1.0,0.0,0.484,0.4705
1931.0,1.0,0.0,0.462,0.48021
1932.0,1.0,0.0,0.443,0.48712
1933.0,1.0,0.0,0.396,0.51815
1934.0,0.0,1.0,0.387,0.55731
1935.0,0.0,1.0,0.393,0.55979
1936.0,0.0,1.0,0.402,0.56635
1937.0,0.0,1.0,0.41,0.57159
1938.0,0.0,1.0,0.413,0.57275
1939.0,0.0,1.0,0.411,0.56929
1940.0,0.0,1.0,0.393,0.55781
1941.0,0.0,1.0,0.375,0.54774
1942.0,1.0,0.0,0.365,0.54165
1943.0,0.0,1.0,0.37,0.54782
1944.0,1.0,0.0,0.38,0.53029
1945.0,1.0,0.0,0.397,0.51842
1946.0,1.0,0.0,0.416,0.50552
1947.0,1.0,0.0,0.438,0.49575
1948.0,1.0,0.0,0.448,0.49166
1949.0,1.0,0.0,0.469,0.48185
1950.0,1.0,0.0,0.477,0.47364
1951.0,1.0,0.0,0.465,0.4795
1952.0,1.0,0.0,0.484,0.4694
1953.0,1.0,0.0,0.47,0.47987
1954.0,1.0,0.0,0.466,0.48199
1955.0,1.0,0.0,0.471,0.47578
1956.0,1.0,0.0,0.449,0.48869
1957.0,1.0,0.0,0.453,0.48831
1958.0,1.0,0.0,0.453,0.48665
1959.0,1.0,0.0,0.452,0.486
1960.0,1.0,0.0,0.458,0.48206
1961.0,1.0,0.0,0.442,0.49365
1962.0,1.0,0.0,0.444,0.49065
1963.0,1.0,0.0,0.447,0.48893
1964.0,1.0,0.0,0.46,0.48192
1965.0,1.0,0.0,0.458,0.48542
1966.0,1.0,0.0,0.463,0.48059
1967.0,1.0,0.0,0.46,0.48222
1968.0,1.0,0.0,0.469,0.47581
1969.0,1.0,0.0,0.458,0.48246
1970.0,1.0,0.0,0.473,0.47323
1971.0,1.0,0.0,0.458,0.4826
1972.0,1.0,0.0,0.477,0.47039
1973.0,1.0,0.0,0.467,0.47681
1974.0,1.0,0.0,0.455,0.48145
1975.0,1.0,0.0,0.48,0.47056
1976.0,1.0,0.0,0.497,0.46225
1977.0,1.0,0.0,0.475,0.47018
1978.0,1.0,0.0,0.477,0.47247
1979.0,1.0,0.0,0.469,0.47614
1980.0,1.0,0.0,0.489,0.46836
1981.0,1.0,0.0,0.46,0.47914
1982.0,1.0,0.0,0.474,0.47507
1983.0,1.0,0.0,0.474,0.47641
1984.0,1.0,0.0,0.461,0.4806
1985.0,1.0,0.0,0.452,0.4849
1986.0,1.0,0.0,0.464,0.47776
1987.0,1.0,0.0,0.455,0.48391
1988.0,1.0,0.0,0.456,0.48312
1989.0,1.0,0.0,0.447,0.487
1990.0,1.0,0.0,0.471,0.47551
1991.0,1.0,0.0,0.469,0.47786
1992.0,1.0,0.0,0.462,0.48333
1993.0,1.0,0.0,0.476,0.47715
1994.0,1.0,0.0,0.474,0.47458
1995.0,1.0,0.0,0.483,0.46923
1996.0,1.0,0.0,0.479,0.47374
1997.0,1.0,0.0,0.46,0.48213
1998.0,1.0,0.0,0.476,0.47086
1999.0,1.0,0.0,0.474,0.4737
2000.0,1.0,0.0,0.459,0.47892
2001.0,1.0,0.0,0.469,0.47651
2002.0,1.0,0.0,0.461,0.48017
2003.0,1.0,0.0,0.447,0.48909
2004.0,1.0,0.0,0.434,0.50014
2005.0,1.0,0.0,0.392,0.51898
2006.0,1.0,0.0,0.389,0.52578
2007.0,1.0,0.0,0.381,0.52824
2008.0,1.0,0.0,0.416,0.51036
2009.0,1.0,0.0,0.399,0.51885
2010.0,0.0,1.0,0.393,0.55843
2011.0,0.0,1.0,0.409,0.56856
2012.0,0.0,1.0,0.404,0.56461
2013.0,0.0,1.0,0.395,0.56148
2014.0,0.0,1.0,0.396,0.55994
2015.0,0.0,1.0,0.407,0.56725
2016.0,0.0,1.0,0.417,0.5713
2017.0,0.0,1.0,0.419,0.57241
2018.0,0.0,1.0,0.413,0.56804
2019.0,0.0,1.0,0.414,0.5687
2020.0,0.0,1.0,0.415,0.56976
2021.0,0.0,1.0,0.423,0.57473
2022.0,0.0,1.0,0.419,0.57295
2023.0,0.0,1.0,0.421,0.57385
2024.0,0.0,1.0,0.418,0.57278
2025.0,0.0,1.0,0.423,0.57579
2026.0,0.0,1.0,0.418,0.57308
2027.0,0.0,1.0,0.419,0.57385
2028.0,0.0,1.0,0.415,0.57136
2029.0,0.0,1.0,0.411,0.56814
2030.0,0.0,1.0,0.391,0.5588
2031.0,0.0,1.0,0.366,0.54532
2032.0,0.0,1.0,0.366,0.54778
2033.0,1.0,0.0,0.368,0.54274
2034.0,0.0,1.0,0.362,0.54308
2035.0,1.0,0.0,0.37,0.53568
2036.0,1.0,0.0,0.371,0.53233
2037.0,1.0,0.0,0.37,0.53529
2038.0,1.0,0.0,0.413,0.51237
2039.0,1.0,0.0,0.433,0.50402
2040.0,1.0,0.0,0.444,0.49273
2041.0,1.0,0.0,0.457,0.48964
2042.0,1.0,0.0,0.458,0.48754
2043.0,1.0,0.0,0.457,0.48775
2044.0,1.0,0.0,0.45,0.49
2045.0,1.0,0.0,0.444,0.49225
2046.0,1.0,0.0,0.443,0.50227
2047.0,0.0,1.0,0.385,0.55315
2048.0,0.0,1.0,0.4,0.56034
2049.0,0.0,1.0,0.396,0.55961
2050.0,0.0,1.0,0.387,0.55425
2051.0,0.0,1.0,0.381,0.55183
2052.0,0.0,1.0,0.379,0.55194
2053.0,0.0,1.0,0.395,0.56015
2054.0,0.0,1.0,0.396,0.56003
2055.0,0.0,1.0,0.396,0.56065
2056.0,0.0,1.0,0.384,0.55507
2057.0,0.0,1.0,0.384,0.55549
2058.0,0.0,1.0,0.4,0.56393
2059.0,0.0,1.0,0.42,0.5742
2060.0,0.0,1.0,0.421,0.57633
2061.0,0.0,1.0,0.42,0.57484
2062.0,0.0,1.0,0.409,0.56706
2063.0,0.0,1.0,0.394,0.55912
2064.0,0.0,1.0,0.372,0.54603
2065.0,0.0,1.0,0.376,0.55158
2066.0,0.0,1.0,0.369,0.54738
2067.0,0.0,1.0,0.374,0.55079
2068.0,0.0,1.0,0.366,0.54292
2069.0,1.0,0.0,0.372,0.53366
2070.0,1.0,0.0,0.388,0.52422
2071.0,1.0,0.0,0.423,0.5077
2072.0,1.0,0.0,0.426,0.5027
2073.0,1.0,0.0,0.422,0.50263
2074.0,1.0,0.0,0.439,0.49307
2075.0,1.0,0.0,0.451,0.48933
2076.0,1.0,0.0,0.433,0.49517
2077.0,1.0,0.0,0.43,0.49717
2078.0,1.0,0.0,0.441,0.48997
2079.0,1.0,0.0,0.429,0.49672
2080.0,1.0,0.0,0.446,0.48794
2081.0,1.0,0.0,0.451,0.48522
2082.0,1.0,0.0,0.443,0.49076
2083.0,1.0,0.0,0.431,0.49725
2084.0,1.0,0.0,0.434,0.49488
2085.0,1.0,0.0,0.58,0.42002
2086.0,1.0,0.0,0.577,0.43217
2087.0,1.0,0.0,0.436,0.48416
2088.0,0.0,1.0,0.361,0.53215
2089.0,0.0,1.0,0.371,0.53917
2090.0,1.0,0.0,0.364,0.5213
2091.0,1.0,0.0,0.458,0.50297
2092.0,1.0,0.0,0.399,0.52778
2093.0,1.0,0.0,0.457,0.48222
2094.0,1.0,0.0,0.442,0.48774
2095.0,1.0,0.0,0.422,0.49942
2096.0,1.0,0.0,0.437,0.49318
2097.0,1.0,0.0,0.433,0.49941
2098.0,1.0,0.0,0.41,0.51255
2099.0,1.0,0.0,0.375,0.53663
2100.0,1.0,0.0,0.374,0.53363
2101.0,1.0,0.0,0.399,0.52839
2102.0,1.0,0.0,0.409,0.52048
2103.0,1.0,0.0,0.394,0.52565
2104.0,1.0,0.0,0.423,0.50592
2105.0,1.0,0.0,0.436,0.50151
2106.0,1.0,0.0,0.419,0.50031
2107.0,1.0,0.0,0.409,0.5026
2108.0,1.0,0.0,0.435,0.49449
2109.0,1.0,0.0,0.418,0.50028
2110.0,1.0,0.0,0.423,0.49946
2111.0,1.0,0.0,0.426,0.49914
2112.0,1.0,0.0,0.412,0.50391
2113.0,1.0,0.0,0.413,0.50296
2114.0,1.0,0.0,0.428,0.49769
2115.0,1.0,0.0,0.432,0.49372
2116.0,1.0,0.0,0.425,0.49503
2117.0,1.0,0.0,0.44,0.48659
2118.0,1.0,0.0,0.444,0.48737
2119.0,1.0,0.0,0.448,0.48377
2120.0,1.0,0.0,0.447,0.48289
2121.0,1.0,0.0,0.442,0.48863
2122.0,1.0,0.0,0.425,0.49223
2123.0,1.0,0.0,0.42,0.49777
2124.0,1.0,0.0,0.412,0.50057
2125.0,1.0,0.0,0.407,0.50571
2126.0,1.0,0.0,0.414,0.49969
2127.0,1.0,0.0,0.4,0.50607
2128.0,1.0,0.0,0.403,0.50306
2129.0,1.0,0.0,0.398,0.50867
2130.0,1.0,0.0,0.408,0.50185
2131.0,1.0,0.0,0.427,0.49112
2132.0,1.0,0.0,0.421,0.49401
2133.0,1.0,0.0,0.43,0.49215
2134.0,1.0,0.0,0.436,0.48796
2135.0,1.0,0.0,0.404,0.50486
2136.0,1.0,0.0,0.411,0.50397
2137.0,1.0,0.0,0.411,0.50273
2138.0,1.0,0.0,0.417,0.50055
2139.0,1.0,0.0,0.435,0.49375
2140.0,1.0,0.0,0.431,0.49378
2141.0,1.0,0.0,0.451,0.48272
2142.0,1.0,0.0,0.43,0.49282
2143.0,1.0,0.0,0.433,0.49185
2144.0,1.0,0.0,0.442,0.48417
2145.0,1.0,0.0,0.424,0.49595
2146.0,1.0,0.0,0.418,0.4976
2147.0,1.0,0.0,0.428,0.49515
2148.0,1.0,0.0,0.445,0.48605
2149.0,1.0,0.0,0.437,0.49015
2150.0,1.0,0.0,0.434,0.4882
2151.0,1.0,0.0,0.446,0.48108
2152.0,1.0,0.0,0.442,0.48575
2153.0,1.0,0.0,0.445,0.48533
2154.0,1.0,0.0,0.434,0.48815
2155.0,1.0,0.0,0.442,0.48882
2156.0,1.0,0.0,0.434,0.48935
2157.0,1.0,0.0,0.438,0.4904
2158.0,1.0,0.0,0.437,0.49028
2159.0,1.0,0.0,0.44,0.4882
2160.0,1.0,0.0,0.43,0.49184
2161.0,1.0,0.0,0.436,0.48576
2162.0,1.0,0.0,0.439,0.48596
2163.0,1.0,0.0,0.432,0.48949
2164.0,1.0,0.0,0.445,0.4815
2165.0,1.0,0.0,0.434,0.48925
2166.0,1.0,0.0,0.442,0.48468
2167.0,1.0,0.0,0.428,0.49159
2168.0,1.0,0.0,0.426,0.49219
2169.0,1.0,0.0,0.422,0.4956
2170.0,0.0,1.0,0.362,0.53905
2171.0,0.0,1.0,0.406,0.56525
2172.0,0.0,1.0,0.41,0.56948
2173.0,0.0,1.0,0.435,0.58606
2174.0,0.0,1.0,0.435,0.58746
2175.0,0.0,1.0,0.44,0.58968
2176.0,0.0,1.0,0.442,0.59122
2177.0,0.0,1.0,0.446,0.59397
2178.0,0.0,1.0,0.444,0.59277
2179.0,0.0,1.0,0.448,0.59507
2180.0,0.0,1.0,0.447,0.59565
2181.0,0.0,1.0,0.45,0.5967
2182.0,0.0,1.0,0.447,0.59364
2183.0,0.0,1.0,0.454,0.59706
2184.0,0.0,1.0,0.449,0.59521
2185.0,0.0,1.0,0.458,0.60064
2186.0,0.0,1.0,0.454,0.59831
2187.0,0.0,1.0,0.457,0.6005
2188.0,0.0,1.0,0.456,0.59932
2189.0,0.0,1.0,0.458,0.60175
2190.0,0.0,1.0,0.452,0.59684
2191.0,0.0,1.0,0.456,0.59876
2192.0,0.0,1.0,0.449,0.5948
2193.0,0.0,1.0,0.455,0.59941
2194.0,0.0,1.0,0.451,0.59612
2195.0,0.0,1.0,0.457,0.5988
2196.0,0.0,1.0,0.452,0.59628
2197.0,0.0,1.0,0.458,0.60134
2198.0,0.0,1.0,0.452,0.59779
2199.0,0.0,1.0,0.455,0.59847
2200.0,0.0,1.0,0.447,0.59416
2201.0,0.0,1.0,0.445,0.59417
2202.0,0.0,1.0,0.434,0.58636
2203.0,0.0,1.0,0.439,0.58896
2204.0,0.0,1.0,0.44,0.58869
2205.0,0.0,1.0,0.454,0.59776
2206.0,0.0,1.0,0.45,0.59644
2207.0,0.0,1.0,0.451,0.59707
2208.0,0.0,1.0,0.454,0.59562
2209.0,0.0,1.0,0.459,0.60057
2210.0,0.0,1.0,0.455,0.59812
2211.0,0.0,1.0,0.461,0.60037
2212.0,0.0,1.0,0.458,0.60079
2213.0,0.0,1.0,0.453,0.59631
2214.0,0.0,1.0,0.451,0.59537
2215.0,0.0,1.0,0.451,0.59563
2216.0,0.0,1.0,0.439,0.58836
2217.0,0.0,1.0,0.442,0.59035
2218.0,0.0,1.0,0.437,0.58702
2219.0,0.0,1.0,0.441,0.58908
2220.0,0.0,1.0,0.448,0.59348
2221.0,0.0,1.0,0.454,0.59745
2222.0,0.0,1.0,0.456,0.59898
2223.0,0.0,1.0,0.458,0.60113
2224.0,0.0,1.0,0.454,0.59869
2225.0,0.0,1.0,0.456,0.59982
2226.0,0.0,1.0,0.447,0.59298
2227.0,0.0,1.0,0.456,0.60018
2228.0,0.0,1.0,0.446,0.59361
2229.0,0.0,1.0,0.447,0.59159
2230.0,0.0,1.0,0.441,0.58896
2231.0,0.0,1.0,0.446,0.59238
2232.0,0.0,1.0,0.439,0.58821
2233.0,0.0,1.0,0.446,0.59318
2234.0,0.0,1.0,0.444,0.59097
2235.0,0.0,1.0,0.449,0.59346
2236.0,0.0,1.0,0.436,0.58675
2237.0,0.0,1.0,0.442,0.58825
2238.0,0.0,1.0,0.44,0.58649
2239.0,0.0,1.0,0.438,0.58368
2240.0,0.0,1.0,0.431,0.58059
2241.0,0.0,1.0,0.438,0.58608
2242.0,0.0,1.0,0.442,0.58678
2243.0,0.0,1.0,0.448,0.59331
2244.0,0.0,1.0,0.453,0.59651
2245.0,0.0,1.0,0.46,0.60123
2246.0,0.0,1.0,0.453,0.59772
2247.0,0.0,1.0,0.458,0.6005
2248.0,0.0,1.0,0.455,0.59979
2249.0,0.0,1.0,0.463,0.60394
2250.0,0.0,1.0,0.455,0.59847
2251.0,0.0,1.0,0.457,0.60101
2252.0,0.0,1.0,0.45,0.59612
2253.0,0.0,1.0,0.454,0.59787
2254.0,0.0,1.0,0.45,0.59652
2255.0,0.0,1.0,0.452,0.59623
2256.0,0.0,1.0,0.444,0.59193
2257.0,0.0,1.0,0.445,0.59101
2258.0,0.0,1.0,0.429,0.58191
2259.0,0.0,1.0,0.431,0.58305
2260.0,0.0,1.0,0.433,0.5832
2261.0,0.0,1.0,0.439,0.58632
2262.0,0.0,1.0,0.43,0.58154
2263.0,0.0,1.0,0.418,0.57263
2264.0,0.0,1.0,0.414,0.57192
2265.0,0.0,1.0,0.428,0.58036
2266.0,0.0,1.0,0.426,0.57926
2267.0,0.0,1.0,0.431,0.58238
2268.0,0.0,1.0,0.44,0.58788
2269.0,0.0,1.0,0.443,0.59016
2270.0,0.0,1.0,0.429,0.5804
2271.0,0.0,1.0,0.419,0.57545
2272.0,0.0,1.0,0.397,0.56551
2273.0,0.0,1.0,0.418,0.57211
2274.0,0.0,1.0,0.568,0.65673
2275.0,0.0,1.0,0.531,0.62874
2276.0,1.0,0.0,0.409,0.52591
2277.0,1.0,0.0,0.376,0.53207
2278.0,0.0,1.0,0.363,0.53696
2279.0,1.0,0.0,0.359,0.53449
2280.0,1.0,0.0,0.521,0.47281
2281.0,1.0,0.0,0.472,0.4986
2282.0,1.0,0.0,0.411,0.52231
2283.0,1.0,0.0,0.417,0.50634
2284.0,1.0,0.0,0.428,0.49733
2285.0,1.0,0.0,0.404,0.54421
2286.0,0.0,1.0,0.517,0.62666
2287.0,1.0,0.0,0.485,0.4878
2288.0,1.0,0.0,0.47,0.49082
2289.0,1.0,0.0,0.417,0.52337
2290.0,1.0,0.0,0.387,0.52369
2291.0,1.0,0.0,0.374,0.5272
2292.0,0.0,1.0,0.399,0.55728
2293.0,0.0,1.0,0.384,0.55133
2294.0,1.0,0.0,0.389,0.5257
2295.0,1.0,0.0,0.402,0.52066
2296.0,1.0,0.0,0.388,0.52892
2297.0,1.0,0.0,0.395,0.51624
2298.0,1.0,0.0,0.405,0.50812
2299.0,1.0,0.0,0.413,0.50215
2300.0,1.0,0.0,0.429,0.49382
2301.0,1.0,0.0,0.382,0.52006
2302.0,1.0,0.0,0.46,0.47687
2303.0,1.0,0.0,0.406,0.51761
2304.0,1.0,0.0,0.432,0.48287
2305.0,1.0,0.0,0.418,0.48811
2306.0,1.0,0.0,0.402,0.49542
2307.0,1.0,0.0,0.394,0.49957
2308.0,1.0,0.0,0.397,0.49509
2309.0,1.0,0.0,0.395,0.49778
2310.0,1.0,0.0,0.4,0.49933
2311.0,1.0,0.0,0.411,0.49548
2312.0,1.0,0.0,0.416,0.49161
2313.0,1.0,0.0,0.41,0.4983
2314.0,1.0,0.0,0.406,0.49811
2315.0,1.0,0.0,0.413,0.4948
2316.0,1.0,0.0,0.411,0.49412
2317.0,1.0,0.0,0.417,0.49404
2318.0,1.0,0.0,0.409,0.49341
2319.0,1.0,0.0,0.416,0.49428
2320.0,1.0,0.0,0.414,0.49421
2321.0,1.0,0.0,0.401,0.50235
2322.0,1.0,0.0,0.393,0.50893
2323.0,1.0,0.0,0.405,0.50397
2324.0,1.0,0.0,0.417,0.49521
2325.0,1.0,0.0,0.411,0.49937
2326.0,1.0,0.0,0.404,0.50359
2327.0,1.0,0.0,0.395,0.50593
2328.0,1.0,0.0,0.408,0.50422
2329.0,1.0,0.0,0.399,0.50859
2330.0,1.0,0.0,0.407,0.50423
2331.0,1.0,0.0,0.415,0.50126
2332.0,1.0,0.0,0.412,0.50161
2333.0,1.0,0.0,0.396,0.51154
2334.0,1.0,0.0,0.41,0.50282
2335.0,1.0,0.0,0.406,0.50462
2336.0,1.0,0.0,0.405,0.50224
2337.0,1.0,0.0,0.403,0.50397
2338.0,1.0,0.0,0.404,0.50133
2339.0,1.0,0.0,0.407,0.50069
2340.0,1.0,0.0,0.405,0.50266
2341.0,1.0,0.0,0.406,0.50232
2342.0,1.0,0.0,0.416,0.49351
2343.0,1.0,0.0,0.412,0.49939
2344.0,1.0,0.0,0.412,0.49967
2345.0,1.0,0.0,0.404,0.50377
2346.0,1.0,0.0,0.411,0.50043
2347.0,1.0,0.0,0.398,0.50933
2348.0,1.0,0.0,0.404,0.5058
2349.0,1.0,0.0,0.397,0.50856
2350.0,1.0,0.0,0.398,0.50657
2351.0,1.0,0.0,0.398,0.51014
2352.0,1.0,0.0,0.419,0.49385
2353.0,1.0,0.0,0.41,0.50254
2354.0,1.0,0.0,0.419,0.49434
2355.0,1.0,0.0,0.409,0.50177
2356.0,1.0,0.0,0.43,0.48813
2357.0,1.0,0.0,0.421,0.49643
2358.0,1.0,0.0,0.423,0.49298
2359.0,1.0,0.0,0.418,0.4976
2360.0,1.0,0.0,0.421,0.4915
2361.0,1.0,0.0,0.414,0.49675
2362.0,1.0,0.0,0.411,0.49735
2363.0,1.0,0.0,0.418,0.49559
2364.0,1.0,0.0,0.42,0.49283
2365.0,1.0,0.0,0.422,0.49277
2366.0,1.0,0.0,0.429,0.49046
2367.0,1.0,0.0,0.421,0.49539
2368.0,1.0,0.0,0.425,0.49224
2369.0,1.0,0.0,0.415,0.49747
2370.0,1.0,0.0,0.426,0.49181
2371.0,1.0,0.0,0.432,0.48935
2372.0,1.0,0.0,0.426,0.4925
2373.0,1.0,0.0,0.431,0.48869
2374.0,1.0,0.0,0.418,0.49448
2375.0,1.0,0.0,0.413,0.49988
2376.0,1.0,0.0,0.43,0.4893
2377.0,1.0,0.0,0.417,0.49698
2378.0,1.0,0.0,0.425,0.49355
2379.0,1.0,0.0,0.407,0.5036
2380.0,1.0,0.0,0.443,0.48303
2381.0,1.0,0.0,0.443,0.48198
2382.0,1.0,0.0,0.438,0.48858
2383.0,1.0,0.0,0.437,0.48372
2384.0,1.0,0.0,0.435,0.48792
2385.0,1.0,0.0,0.419,0.49583
2386.0,1.0,0.0,0.456,0.47995
2387.0,1.0,0.0,0.448,0.48296
2388.0,1.0,0.0,0.468,0.4675
2389.0,1.0,0.0,0.449,0.47765
2390.0,1.0,0.0,0.446,0.47891
2391.0,1.0,0.0,0.47,0.47066
2392.0,1.0,0.0,0.463,0.4711
2393.0,1.0,0.0,0.453,0.47813
2394.0,1.0,0.0,0.48,0.46525
2395.0,1.0,0.0,0.46,0.47649
2396.0,1.0,0.0,0.473,0.4672
2397.0,1.0,0.0,0.46,0.477
2398.0,1.0,0.0,0.469,0.47091
2399.0,1.0,0.0,0.464,0.47555
2400.0,1.0,0.0,0.464,0.47367
2401.0,1.0,0.0,0.476,0.47023
2402.0,1.0,0.0,0.458,0.47453
2403.0,1.0,0.0,0.434,0.48688
2404.0,1.0,0.0,0.465,0.47109
2405.0,1.0,0.0,0.443,0.48125
2406.0,1.0,0.0,0.44,0.48454
2407.0,1.0,0.0,0.44,0.48751
2408.0,1.0,0.0,0.459,0.47712
2409.0,1.0,0.0,0.463,0.47723
2410.0,1.0,0.0,0.459,0.47559
2411.0,1.0,0.0,0.474,0.47006
2412.0,1.0,0.0,0.455,0.48017
2413.0,1.0,0.0,0.464,0.47773
2414.0,1.0,0.0,0.441,0.4894
2415.0,1.0,0.0,0.473,0.47323
2416.0,1.0,0.0,0.452,0.47986
2417.0,1.0,0.0,0.455,0.48071
2418.0,1.0,0.0,0.458,0.47647
2419.0,1.0,0.0,0.42,0.49414
2420.0,1.0,0.0,0.362,0.53272
2421.0,1.0,0.0,0.367,0.53637
2422.0,0.0,1.0,0.395,0.55677
2423.0,0.0,1.0,0.554,0.63548
2424.0,0.0,1.0,0.521,0.62046
2425.0,1.0,0.0,0.473,0.49368
2426.0,1.0,0.0,0.474,0.46095
2427.0,1.0,0.0,0.471,0.46582
2428.0,1.0,0.0,0.471,0.46306
2429.0,1.0,0.0,0.43,0.48532
2430.0,1.0,0.0,0.438,0.48365
2431.0,1.0,0.0,0.442,0.48245
2432.0,1.0,0.0,0.444,0.48164
2433.0,1.0,0.0,0.443,0.48825
2434.0,1.0,0.0,0.446,0.48679
2435.0,1.0,0.0,0.436,0.48623
2436.0,1.0,0.0,0.415,0.49953
2437.0,1.0,0.0,0.422,0.50034
2438.0,1.0,0.0,0.422,0.49238
2439.0,1.0,0.0,0.427,0.4957
2440.0,1.0,0.0,0.422,0.49625
2441.0,1.0,0.0,0.421,0.49783
2442.0,1.0,0.0,0.425,0.49606
2443.0,1.0,0.0,0.427,0.49694
2444.0,1.0,0.0,0.444,0.48868
2445.0,1.0,0.0,0.438,0.48634
2446.0,1.0,0.0,0.426,0.49423
2447.0,1.0,0.0,0.399,0.49826
2448.0,1.0,0.0,0.422,0.48267
2449.0,0.0,1.0,0.387,0.55426
2450.0,0.0,1.0,0.406,0.5656
2451.0,0.0,1.0,0.418,0.57493
2452.0,0.0,1.0,0.421,0.57516
2453.0,0.0,1.0,0.426,0.57952
2454.0,0.0,1.0,0.424,0.57872
2455.0,0.0,1.0,0.429,0.58282
2456.0,0.0,1.0,0.43,0.58358
2457.0,0.0,1.0,0.428,0.58253
2458.0,0.0,1.0,0.428,0.58266
2459.0,0.0,1.0,0.43,0.58404
2460.0,0.0,1.0,0.431,0.58458
2461.0,0.0,1.0,0.432,0.58568
2462.0,0.0,1.0,0.429,0.58362
2463.0,0.0,1.0,0.432,0.58578
2464.0,0.0,1.0,0.433,0.58573
2465.0,0.0,1.0,0.435,0.58653
2466.0,0.0,1.0,0.428,0.58327
2467.0,0.0,1.0,0.434,0.58727
2468.0,0.0,1.0,0.429,0.58283
2469.0,0.0,1.0,0.433,0.58651
2470.0,0.0,1.0,0.431,0.58477
2471.0,0.0,1.0,0.434,0.58571
2472.0,0.0,1.0,0.431,0.58465
2473.0,0.0,1.0,0.433,0.58622
2474.0,0.0,1.0,0.432,0.58492
2475.0,0.0,1.0,0.433,0.58584
2476.0,0.0,1.0,0.43,0.58208
2477.0,0.0,1.0,0.43,0.58172
2478.0,0.0,1.0,0.425,0.578
2479.0,0.0,1.0,0.426,0.57766
2480.0,0.0,1.0,0.427,0.5791
2481.0,0.0,1.0,0.432,0.58158
2482.0,0.0,1.0,0.428,0.57982
2483.0,0.0,1.0,0.437,0.58414
2484.0,0.0,1.0,0.435,0.58323
2485.0,0.0,1.0,0.431,0.58115
2486.0,0.0,1.0,0.427,0.57857
2487.0,0.0,1.0,0.431,0.58049
2488.0,0.0,1.0,0.457,0.60687
2489.0,1.0,0.0,0.41,0.51332
2490.0,0.0,1.0,0.404,0.56576
2491.0,0.0,1.0,0.408,0.56825
2492.0,0.0,1.0,0.407,0.56709
2493.0,1.0,0.0,0.409,0.53306
2494.0,1.0,0.0,0.403,0.54297
2495.0,1.0,0.0,0.393,0.51769
2496.0,0.0,1.0,0.369,0.53732
2497.0,0.0,1.0,0.369,0.54649
2498.0,1.0,0.0,0.362,0.54065
2499.0,0.0,1.0,0.374,0.54859
2500.0,0.0,1.0,0.366,0.53833
2501.0,1.0,0.0,0.48,0.49167
2502.0,1.0,0.0,0.424,0.4984
2503.0,1.0,0.0,0.428,0.50217
2504.0,1.0,0.0,0.423,0.50284
2505.0,1.0,0.0,0.401,0.51161
2506.0,1.0,0.0,0.393,0.51624
2507.0,1.0,0.0,0.405,0.5074
2508.0,1.0,0.0,0.364,0.53637
2509.0,1.0,0.0,0.375,0.52717
2510.0,0.0,1.0,0.478,0.60364
2511.0,0.0,1.0,0.5,0.61296
2512.0,0.0,1.0,0.527,0.63332
2513.0,0.0,1.0,0.553,0.64538
2514.0,1.0,0.0,0.416,0.52817
2515.0,1.0,0.0,0.414,0.50417
2516.0,1.0,0.0,0.407,0.50783
2517.0,1.0,0.0,0.401,0.51525
2518.0,1.0,0.0,0.407,0.50532
2519.0,1.0,0.0,0.418,0.51204
2520.0,1.0,0.0,0.379,0.53667
2521.0,1.0,0.0,0.378,0.53735
2522.0,0.0,1.0,0.377,0.55187
2523.0,0.0,1.0,0.378,0.5528
2524.0,0.0,1.0,0.371,0.54822
2525.0,0.0,1.0,0.392,0.56054
2526.0,0.0,1.0,0.392,0.56185
2527.0,0.0,1.0,0.416,0.57039
2528.0,0.0,1.0,0.413,0.56783
2529.0,0.0,1.0,0.416,0.56891
2530.0,0.0,1.0,0.413,0.5689
2531.0,0.0,1.0,0.416,0.57178
2532.0,0.0,1.0,0.41,0.56673
2533.0,0.0,1.0,0.401,0.55944
2534.0,0.0,1.0,0.375,0.55032
2535.0,0.0,1.0,0.394,0.56096
2536.0,0.0,1.0,0.404,0.56406
2537.0,0.0,1.0,0.418,0.57161
2538.0,0.0,1.0,0.415,0.5687
2539.0,0.0,1.0,0.421,0.57264
2540.0,0.0,1.0,0.421,0.57414
2541.0,0.0,1.0,0.423,0.57463
2542.0,0.0,1.0,0.418,0.5712
2543.0,0.0,1.0,0.426,0.57814
2544.0,0.0,1.0,0.422,0.57629
2545.0,0.0,1.0,0.423,0.57746
2546.0,0.0,1.0,0.419,0.57288
2547.0,0.0,1.0,0.42,0.57289
2548.0,0.0,1.0,0.415,0.56973
2549.0,0.0,1.0,0.421,0.57419
2550.0,0.0,1.0,0.423,0.57592
2551.0,0.0,1.0,0.426,0.57836
2552.0,0.0,1.0,0.425,0.5783
2553.0,0.0,1.0,0.429,0.58216
2554.0,0.0,1.0,0.426,0.58043
2555.0,0.0,1.0,0.43,0.58333
2556.0,0.0,1.0,0.426,0.58058
2557.0,0.0,1.0,0.43,0.58246
2558.0,0.0,1.0,0.425,0.57778
2559.0,0.0,1.0,0.422,0.57434
2560.0,0.0,1.0,0.404,0.56467
2561.0,0.0,1.0,0.401,0.56574
2562.0,0.0,1.0,0.393,0.56133
2563.0,0.0,1.0,0.405,0.56726
2564.0,0.0,1.0,0.397,0.56264
2565.0,0.0,1.0,0.405,0.56657
2566.0,0.0,1.0,0.415,0.57106
2567.0,0.0,1.0,0.42,0.57432
2568.0,0.0,1.0,0.426,0.5758
2569.0,0.0,1.0,0.432,0.58008
2570.0,0.0,1.0,0.429,0.58146
2571.0,0.0,1.0,0.433,0.58413
2572.0,0.0,1.0,0.429,0.58072
2573.0,0.0,1.0,0.427,0.57897
2574.0,0.0,1.0,0.424,0.57838
2575.0,0.0,1.0,0.427,0.58023
2576.0,0.0,1.0,0.426,0.58098
2577.0,0.0,1.0,0.427,0.58262
2578.0,0.0,1.0,0.422,0.57908
2579.0,0.0,1.0,0.424,0.58194
2580.0,0.0,1.0,0.422,0.5792
2581.0,0.0,1.0,0.423,0.57969
2582.0,0.0,1.0,0.42,0.57843
2583.0,0.0,1.0,0.423,0.5818
2584.0,0.0,1.0,0.434,0.5899
2585.0,0.0,1.0,0.431,0.58871
2586.0,0.0,1.0,0.421,0.57941
2587.0,0.0,1.0,0.427,0.58395
2588.0,0.0,1.0,0.423,0.58115
2589.0,0.0,1.0,0.429,0.58426
2590.0,0.0,1.0,0.424,0.58
2591.0,0.0,1.0,0.431,0.58484
2592.0,0.0,1.0,0.435,0.5865
2593.0,0.0,1.0,0.436,0.5865
2594.0,0.0,1.0,0.429,0.58219
2595.0,0.0,1.0,0.431,0.58371
2596.0,0.0,1.0,0.427,0.58149
2597.0,0.0,1.0,0.429,0.58231
2598.0,0.0,1.0,0.425,0.58018
2599.0,0.0,1.0,0.428,0.58236
2600.0,0.0,1.0,0.425,0.58041
2601.0,0.0,1.0,0.428,0.58175
2602.0,0.0,1.0,0.42,0.5724
2603.0,0.0,1.0,0.425,0.57762
2604.0,0.0,1.0,0.422,0.5737
2605.0,0.0,1.0,0.425,0.57567
2606.0,0.0,1.0,0.421,0.57159
2607.0,0.0,1.0,0.414,0.5699
2608.0,0.0,1.0,0.42,0.57233
2609.0,0.0,1.0,0.428,0.57781
2610.0,0.0,1.0,0.428,0.57824
2611.0,0.0,1.0,0.429,0.57855
2612.0,0.0,1.0,0.42,0.57226
2613.0,0.0,1.0,0.409,0.56832
2614.0,0.0,1.0,0.395,0.55921
2615.0,0.0,1.0,0.404,0.56534
2616.0,0.0,1.0,0.427,0.58041
2617.0,0.0,1.0,0.44,0.58753
2618.0,0.0,1.0,0.43,0.58236
2619.0,0.0,1.0,0.428,0.57987
2620.0,0.0,1.0,0.427,0.57904
2621.0,0.0,1.0,0.431,0.58115
2622.0,0.0,1.0,0.426,0.57747
2623.0,0.0,1.0,0.427,0.57822
2624.0,0.0,1.0,0.424,0.57826
2625.0,0.0,1.0,0.429,0.5814
2626.0,0.0,1.0,0.434,0.58513
2627.0,0.0,1.0,0.437,0.58639
2628.0,0.0,1.0,0.429,0.5801
2629.0,0.0,1.0,0.439,0.58672
2630.0,0.0,1.0,0.432,0.58337
2631.0,0.0,1.0,0.432,0.58385
2632.0,0.0,1.0,0.432,0.58341
2633.0,0.0,1.0,0.434,0.58459
2634.0,0.0,1.0,0.429,0.58067
2635.0,0.0,1.0,0.431,0.58234
2636.0,0.0,1.0,0.428,0.58031
2637.0,0.0,1.0,0.426,0.57786
2638.0,0.0,1.0,0.424,0.5768
2639.0,0.0,1.0,0.426,0.57794
2640.0,0.0,1.0,0.425,0.57748
2641.0,0.0,1.0,0.428,0.57887
2642.0,0.0,1.0,0.423,0.57604
2643.0,0.0,1.0,0.424,0.57764
2644.0,0.0,1.0,0.42,0.57603
2645.0,0.0,1.0,0.423,0.57626
2646.0,0.0,1.0,0.42,0.57427
2647.0,0.0,1.0,0.424,0.57797
2648.0,0.0,1.0,0.421,0.57624
2649.0,0.0,1.0,0.429,0.58443
2650.0,0.0,1.0,0.426,0.58125
2651.0,0.0,1.0,0.427,0.58127
2652.0,0.0,1.0,0.417,0.5752
2653.0,0.0,1.0,0.42,0.57611
2654.0,0.0,1.0,0.419,0.57712
2655.0,0.0,1.0,0.421,0.57878
2656.0,0.0,1.0,0.42,0.57781
2657.0,0.0,1.0,0.421,0.57833
2658.0,0.0,1.0,0.421,0.57777
2659.0,0.0,1.0,0.426,0.5812
2660.0,0.0,1.0,0.42,0.57473
2661.0,0.0,1.0,0.425,0.57642
2662.0,0.0,1.0,0.421,0.57486
2663.0,0.0,1.0,0.421,0.57672
2664.0,0.0,1.0,0.422,0.5776
2665.0,0.0,1.0,0.428,0.58159
2666.0,0.0,1.0,0.423,0.57841
2667.0,0.0,1.0,0.426,0.58029
2668.0,0.0,1.0,0.418,0.57577
2669.0,0.0,1.0,0.418,0.57355
2670.0,0.0,1.0,0.409,0.56989
2671.0,0.0,1.0,0.425,0.57935
2672.0,0.0,1.0,0.417,0.57373
2673.0,0.0,1.0,0.414,0.57225
2674.0,0.0,1.0,0.396,0.56091
2675.0,0.0,1.0,0.402,0.56581
2676.0,0.0,1.0,0.385,0.55392
2677.0,0.0,1.0,0.392,0.56035
2678.0,0.0,1.0,0.376,0.55026
2679.0,0.0,1.0,0.385,0.55628
2680.0,0.0,1.0,0.369,0.54837
2681.0,0.0,1.0,0.367,0.54597
2682.0,1.0,0.0,0.372,0.54035
2683.0,0.0,1.0,0.365,0.54503
2684.0,1.0,0.0,0.362,0.54185
2685.0,1.0,0.0,0.368,0.5415
2686.0,1.0,0.0,0.373,0.53467
2687.0,1.0,0.0,0.374,0.53674
2688.0,1.0,0.0,0.386,0.53144
2689.0,1.0,0.0,0.391,0.5285
2690.0,1.0,0.0,0.372,0.53951
2691.0,1.0,0.0,0.388,0.53018
2692.0,0.0,1.0,0.386,0.55898
2693.0,0.0,1.0,0.426,0.58202
2694.0,0.0,1.0,0.42,0.57518
2695.0,0.0,1.0,0.423,0.57704
2696.0,0.0,1.0,0.423,0.57474
2697.0,0.0,1.0,0.43,0.58019
2698.0,0.0,1.0,0.43,0.58048
2699.0,0.0,1.0,0.435,0.58366
2700.0,0.0,1.0,0.441,0.58904
2701.0,0.0,1.0,0.441,0.58821
2702.0,0.0,1.0,0.437,0.5847
2703.0,0.0,1.0,0.44,0.58777
2704.0,0.0,1.0,0.434,0.58465
2705.0,0.0,1.0,0.436,0.58618
2706.0,0.0,1.0,0.428,0.58091
2707.0,0.0,1.0,0.435,0.58647
2708.0,0.0,1.0,0.427,0.57943
2709.0,0.0,1.0,0.432,0.58127
2710.0,0.0,1.0,0.433,0.58266
2711.0,0.0,1.0,0.44,0.58801
2712.0,0.0,1.0,0.432,0.58166
2713.0,0.0,1.0,0.429,0.58006
2714.0,0.0,1.0,0.438,0.5882
2715.0,0.0,1.0,0.418,0.58299
2716.0,0.0,1.0,0.429,0.58975
2717.0,0.0,1.0,0.428,0.58928
2718.0,0.0,1.0,0.432,0.59136
2719.0,0.0,1.0,0.445,0.59917
2720.0,0.0,1.0,0.438,0.59461
2721.0,0.0,1.0,0.466,0.61311
2722.0,0.0,1.0,0.447,0.60156
2723.0,0.0,1.0,0.437,0.59578
2724.0,0.0,1.0,0.401,0.57149
2725.0,0.0,1.0,0.407,0.57024
2726.0,0.0,1.0,0.414,0.57214
2727.0,0.0,1.0,0.412,0.57081
2728.0,0.0,1.0,0.392,0.558
2729.0,0.0,1.0,0.393,0.56122
2730.0,0.0,1.0,0.378,0.55253
2731.0,0.0,1.0,0.377,0.54749
2732.0,0.0,1.0,0.438,0.58739
2733.0,0.0,1.0,0.648,0.70543
2734.0,0.0,1.0,0.431,0.58165
2735.0,0.0,1.0,0.379,0.55471
2736.0,1.0,0.0,0.425,0.51899
2737.0,1.0,0.0,0.4,0.53137
2738.0,1.0,0.0,0.416,0.51876
2739.0,1.0,0.0,0.414,0.52288
2740.0,0.0,1.0,0.419,0.58315
2741.0,0.0,1.0,0.568,0.66212
2742.0,1.0,0.0,0.452,0.49126
2743.0,1.0,0.0,0.457,0.4938
2744.0,1.0,0.0,0.451,0.49876
2745.0,1.0,0.0,0.453,0.49773
2746.0,1.0,0.0,0.46,0.49214
2747.0,1.0,0.0,0.459,0.49049
2748.0,1.0,0.0,0.457,0.49426
2749.0,1.0,0.0,0.448,0.50301
2750.0,1.0,0.0,0.448,0.49977
2751.0,1.0,0.0,0.451,0.50029
2752.0,1.0,0.0,0.455,0.48679
2753.0,1.0,0.0,0.452,0.48881
2754.0,1.0,0.0,0.403,0.51317
2755.0,1.0,0.0,0.392,0.52182
2756.0,1.0,0.0,0.415,0.50799
2757.0,1.0,0.0,0.416,0.51043
2758.0,1.0,0.0,0.42,0.50785
2759.0,1.0,0.0,0.422,0.49605
2760.0,1.0,0.0,0.413,0.50263
2761.0,1.0,0.0,0.417,0.49836
2762.0,1.0,0.0,0.412,0.50099
2763.0,1.0,0.0,0.425,0.49965
2764.0,1.0,0.0,0.405,0.50286
2765.0,1.0,0.0,0.415,0.49943
2766.0,1.0,0.0,0.419,0.49491
2767.0,1.0,0.0,0.428,0.49285
2768.0,1.0,0.0,0.423,0.49434
2769.0,1.0,0.0,0.416,0.49649
2770.0,1.0,0.0,0.424,0.48994
2771.0,1.0,0.0,0.424,0.4895
2772.0,1.0,0.0,0.447,0.47955
2773.0,1.0,0.0,0.451,0.48073
2774.0,1.0,0.0,0.439,0.48093
2775.0,1.0,0.0,0.446,0.4817
2776.0,1.0,0.0,0.437,0.48576
2777.0,1.0,0.0,0.445,0.48127
2778.0,1.0,0.0,0.43,0.48693
2779.0,1.0,0.0,0.425,0.4899
2780.0,1.0,0.0,0.427,0.48865
2781.0,1.0,0.0,0.426,0.48904
2782.0,1.0,0.0,0.441,0.48181
2783.0,1.0,0.0,0.426,0.48823
2784.0,1.0,0.0,0.433,0.4845
2785.0,1.0,0.0,0.426,0.48753
2786.0,1.0,0.0,0.437,0.48205
2787.0,1.0,0.0,0.416,0.4937
2788.0,1.0,0.0,0.437,0.4839
2789.0,1.0,0.0,0.408,0.4973
2790.0,1.0,0.0,0.428,0.48659
2791.0,1.0,0.0,0.418,0.49126
2792.0,1.0,0.0,0.434,0.48332
2793.0,1.0,0.0,0.416,0.4935
2794.0,1.0,0.0,0.413,0.49141
2795.0,1.0,0.0,0.421,0.49219
2796.0,1.0,0.0,0.444,0.47951
2797.0,1.0,0.0,0.445,0.48016
2798.0,1.0,0.0,0.458,0.47461
2799.0,1.0,0.0,0.459,0.47539
2800.0,1.0,0.0,0.445,0.47713
2801.0,1.0,0.0,0.431,0.48888
2802.0,1.0,0.0,0.431,0.48531
2803.0,1.0,0.0,0.441,0.48493
2804.0,1.0,0.0,0.431,0.48626
2805.0,1.0,0.0,0.397,0.51697
2806.0,1.0,0.0,0.388,0.51873
2807.0,1.0,0.0,0.392,0.51614
2808.0,1.0,0.0,0.385,0.51743
2809.0,1.0,0.0,0.402,0.50558
2810.0,1.0,0.0,0.399,0.50592
2811.0,1.0,0.0,0.397,0.50677
2812.0,1.0,0.0,0.389,0.51229
2813.0,1.0,0.0,0.384,0.52233
2814.0,0.0,1.0,0.359,0.53856
2815.0,0.0,1.0,0.369,0.54572
2816.0,0.0,1.0,0.384,0.55492
2817.0,0.0,1.0,0.418,0.57253
2818.0,0.0,1.0,0.415,0.57143
2819.0,0.0,1.0,0.42,0.57347
2820.0,0.0,1.0,0.416,0.5727
2821.0,0.0,1.0,0.425,0.57768
2822.0,0.0,1.0,0.422,0.57478
2823.0,0.0,1.0,0.422,0.57422
2824.0,0.0,1.0,0.4,0.56114
2825.0,0.0,1.0,0.378,0.54966
2826.0,1.0,0.0,0.38,0.52835
2827.0,1.0,0.0,0.383,0.52543
2828.0,1.0,0.0,0.391,0.52038
2829.0,1.0,0.0,0.383,0.52327
2830.0,1.0,0.0,0.388,0.51833
2831.0,1.0,0.0,0.399,0.51163
2832.0,1.0,0.0,0.42,0.50219
2833.0,1.0,0.0,0.398,0.51311
2834.0,1.0,0.0,0.389,0.51557
2835.0,1.0,0.0,0.392,0.52086
2836.0,0.0,1.0,0.401,0.56582
2837.0,0.0,1.0,0.422,0.57796
2838.0,0.0,1.0,0.424,0.57837
2839.0,0.0,1.0,0.431,0.5827
2840.0,0.0,1.0,0.428,0.57941
2841.0,0.0,1.0,0.431,0.58118
2842.0,0.0,1.0,0.422,0.57523
2843.0,0.0,1.0,0.387,0.55618
2844.0,1.0,0.0,0.378,0.53122
2845.0,1.0,0.0,0.365,0.53872
2846.0,1.0,0.0,0.44,0.51653
2847.0,0.0,1.0,0.448,0.58184
2848.0,1.0,0.0,0.372,0.5312
2849.0,1.0,0.0,0.426,0.52404
2850.0,1.0,0.0,0.407,0.51862
2851.0,1.0,0.0,0.405,0.51896
2852.0,1.0,0.0,0.404,0.51649
2853.0,1.0,0.0,0.415,0.51322
2854.0,1.0,0.0,0.452,0.48781
2855.0,1.0,0.0,0.445,0.50352
2856.0,1.0,0.0,0.448,0.48987
2857.0,1.0,0.0,0.448,0.48564
2858.0,1.0,0.0,0.423,0.49312
2859.0,1.0,0.0,0.488,0.47324
2860.0,1.0,0.0,0.507,0.45937
2861.0,1.0,0.0,0.45,0.49609
