time,small,large,probability,intensity,dissimilarity
0.0,0.0,0.0,0.4729999899864197,0.3155,0.57171375
1.0,0.0,0.0,0.4790000021457672,0.3071,0.50064886
2.0,0.0,0.0,0.4629999995231628,0.32379,0.6278726
3.0,0.0,0.0,0.488999992609024,0.30717,0.5394872
4.0,0.0,0.0,0.4880000054836273,0.3056,0.51591665
5.0,0.0,0.0,0.4950000047683716,0.30116,0.491157
6.0,0.0,0.0,0.4970000088214874,0.30222,0.5144368
7.0,0.0,0.0,0.4790000021457672,0.31,0.5328684
8.0,0.0,0.0,0.503000020980835,0.29799,0.48526236
9.0,0.0,0.0,0.4939999878406524,0.30692,0.5557916
10.0,0.0,0.0,0.4830000102519989,0.309,0.537443
11.0,0.0,0.0,0.4799999892711639,0.31178,0.5573376
12.0,0.0,0.0,0.4970000088214874,0.29947,0.47687736
13.0,0.0,0.0,0.4950000047683716,0.30272,0.5084699
14.0,0.0,0.0,0.5329999923706055,0.2773,0.36100566
15.0,0.0,0.0,0.4569999873638153,0.32612,0.6329902
16.0,0.0,0.0,0.4690000116825104,0.31981,0.607546
17.0,0.0,0.0,0.4639999866485595,0.32188,0.61204094
18.0,0.0,0.0,0.4729999899864197,0.31867,0.60742176
19.0,0.0,0.0,0.4440000057220459,0.33409,0.6769143
20.0,1.0,0.0,0.4580000042915344,0.34546,0.7372886
21.0,1.0,0.0,0.4510000050067901,0.33428,0.6678219
22.0,0.0,0.0,0.4519999921321869,0.32335,0.592979
23.0,0.0,0.0,0.4690000116825104,0.31885,0.5958396
24.0,0.0,0.0,0.4909999966621399,0.30654,0.5395772
25.0,0.0,0.0,0.488999992609024,0.30891,0.5592752
26.0,0.0,0.0,0.4880000054836273,0.30903,0.5582806
27.0,0.0,0.0,0.4620000123977661,0.31998,0.5857005
28.0,0.0,0.0,0.4550000131130218,0.32217,0.58701974
29.0,0.0,0.0,0.4679999947547912,0.31906,0.59325916
30.0,0.0,0.0,0.4690000116825104,0.31651,0.5721151
31.0,0.0,0.0,0.5009999871253967,0.29873,0.48801515
32.0,0.0,0.0,0.4900000095367431,0.30337,0.49810478
33.0,0.0,0.0,0.4550000131130218,0.32374,0.6035695
34.0,0.0,0.0,0.4990000128746032,0.29786,0.47067103
35.0,1.0,0.0,0.4550000131130218,0.33761,0.6870834
36.0,0.0,0.0,0.4480000138282776,0.33274,0.6736927
37.0,0.0,0.0,0.4519999921321869,0.32898,0.64853066
38.0,0.0,0.0,0.4539999961853027,0.32282,0.5923121
39.0,0.0,0.0,0.4860000014305115,0.30734,0.5286596
40.0,0.0,0.0,0.4709999859333038,0.31418,0.5525156
41.0,0.0,0.0,0.4930000007152557,0.29968,0.4674826
42.0,0.0,0.0,0.4740000069141388,0.32126,0.6429953
43.0,0.0,0.0,0.4799999892711639,0.3074,0.5096788
44.0,0.0,0.0,0.4539999961853027,0.3283,0.64876676
45.0,0.0,0.0,0.4629999995231628,0.32412,0.63377494
46.0,0.0,0.0,0.5,0.29929,0.48875457
47.0,0.0,0.0,0.4740000069141388,0.31087,0.5256742
48.0,0.0,0.0,0.4650000035762787,0.32091,0.6062446
49.0,1.0,0.0,0.4460000097751617,0.33416,0.6744455
50.0,0.0,0.0,0.5070000290870667,0.2946,0.46447477
51.0,0.0,0.0,0.4740000069141388,0.31565,0.57966554
52.0,0.0,0.0,0.4699999988079071,0.31156,0.5247079
53.0,0.0,0.0,0.4839999973773956,0.30251,0.4709535
54.0,1.0,0.0,0.4480000138282776,0.33242,0.6585483
55.0,0.0,0.0,0.4970000088214874,0.30457,0.5431762
56.0,0.0,0.0,0.4799999892711639,0.31158,0.5543533
57.0,0.0,0.0,0.4939999878406524,0.30346,0.51596135
58.0,1.0,0.0,0.4519999921321869,0.32691,0.6138514
59.0,1.0,0.0,0.4550000131130218,0.33899,0.6958206
60.0,0.0,0.0,0.4850000143051147,0.30779,0.5314377
61.0,1.0,0.0,0.4480000138282776,0.33239,0.6581901
62.0,0.0,0.0,0.4639999866485595,0.32043,0.59575367
63.0,0.0,0.0,0.4830000102519989,0.30962,0.5438001
64.0,0.0,0.0,0.4690000116825104,0.31662,0.5716013
65.0,0.0,0.0,0.4970000088214874,0.30027,0.48958713
66.0,0.0,0.0,0.5049999952316284,0.29824,0.5011708
67.0,0.0,0.0,0.4740000069141388,0.31526,0.5733222
68.0,0.0,0.0,0.4650000035762787,0.31356,0.5299503
69.0,0.0,0.0,0.4690000116825104,0.31442,0.5498861
70.0,0.0,0.0,0.4679999947547912,0.31626,0.56436336
71.0,0.0,0.0,0.5149999856948853,0.28792,0.41342273
72.0,0.0,0.0,0.4550000131130218,0.32216,0.5884987
73.0,1.0,0.0,0.4510000050067901,0.33011,0.6381697
74.0,0.0,0.0,0.4749999940395355,0.31404,0.5649237
75.0,1.0,0.0,0.4510000050067901,0.32576,0.60781986
76.0,0.0,0.0,0.4539999961853027,0.32956,0.66099375
77.0,0.0,0.0,0.4729999899864197,0.31221,0.5382032
78.0,1.0,0.0,0.4550000131130218,0.34017,0.70445246
79.0,0.0,0.0,0.4799999892711639,0.30792,0.51515913
80.0,0.0,0.0,0.4779999852180481,0.3149,0.5839758
81.0,0.0,0.0,0.4519999921321869,0.32932,0.65104365
82.0,0.0,0.0,0.4679999947547912,0.31645,0.56858486
83.0,1.0,0.0,0.453000009059906,0.32909,0.6291603
84.0,0.0,0.0,0.453000009059906,0.33015,0.6634507
85.0,0.0,0.0,0.4659999907016754,0.32228,0.62257403
86.0,1.0,0.0,0.4580000042915344,0.34466,0.7324742
87.0,0.0,0.0,0.4749999940395355,0.31225,0.5454998
88.0,1.0,0.0,0.4539999961853027,0.33485,0.66869164
89.0,0.0,0.0,0.4569999873638153,0.32731,0.6465729
90.0,0.0,0.0,0.4490000009536743,0.32754,0.62569207
91.0,0.0,0.0,0.4449999928474426,0.33395,0.67847204
92.0,0.0,0.0,0.4539999961853027,0.32207,0.5842924
93.0,1.0,0.0,0.4480000138282776,0.33364,0.6670051
94.0,1.0,0.0,0.453000009059906,0.32293,0.58474
95.0,0.0,0.0,0.4760000109672546,0.31145,0.5382347
96.0,0.0,0.0,0.4950000047683716,0.30032,0.4825155
97.0,0.0,0.0,0.4720000028610229,0.31457,0.5591084
98.0,0.0,0.0,0.4729999899864197,0.31377,0.5538114
99.0,0.0,0.0,0.4790000021457672,0.31517,0.59178656
100.0,0.0,0.0,0.4830000102519989,0.30242,0.4660264
101.0,0.0,0.0,0.453000009059906,0.32594,0.619106
102.0,0.0,0.0,0.4869999885559082,0.30535,0.50833744
103.0,0.0,0.0,0.4799999892711639,0.31168,0.55713135
104.0,0.0,0.0,0.4600000083446502,0.32247,0.60598195
105.0,0.0,0.0,0.4550000131130218,0.32153,0.5817662
106.0,0.0,0.0,0.4880000054836273,0.30592,0.51956993
107.0,0.0,0.0,0.4839999973773956,0.30685,0.5159099
108.0,0.0,0.0,0.4600000083446502,0.32006,0.58004326
109.0,0.0,0.0,0.4839999973773956,0.30753,0.52287483
110.0,0.0,0.0,0.4930000007152557,0.30144,0.48552105
111.0,0.0,0.0,0.4639999866485595,0.31898,0.57937044
112.0,0.0,0.0,0.4709999859333038,0.31607,0.57370096
113.0,0.0,0.0,0.453000009059906,0.32349,0.5967767
114.0,0.0,0.0,0.4900000095367431,0.30359,0.5001628
115.0,0.0,0.0,0.4670000076293945,0.31529,0.5519307
116.0,0.0,0.0,0.5,0.29959,0.49631196
117.0,0.0,0.0,0.4729999899864197,0.31116,0.5253137
118.0,0.0,0.0,0.4959999918937683,0.30156,0.4992342
119.0,0.0,0.0,0.481000006198883,0.30537,0.48917535
120.0,0.0,0.0,0.4880000054836273,0.30422,0.50062907
121.0,0.0,0.0,0.4990000128746032,0.297,0.45858848
122.0,0.0,0.0,0.503000020980835,0.29604,0.4609426
123.0,0.0,0.0,0.5149999856948853,0.28807,0.415222
124.0,0.0,0.0,0.5080000162124634,0.29347,0.45162487
125.0,0.0,0.0,0.4950000047683716,0.29999,0.47895283
126.0,0.0,0.0,0.4860000014305115,0.3043,0.49384904
127.0,0.0,0.0,0.527999997138977,0.28038,0.3755284
128.0,0.0,0.0,0.4740000069141388,0.31414,0.56345576
129.0,0.0,0.0,0.5139999985694885,0.28918,0.42555732
130.0,0.0,0.0,0.5529999732971191,0.263,0.2594393
131.0,0.0,0.0,0.4819999933242798,0.30711,0.5119322
132.0,0.0,0.0,0.4939999878406524,0.304,0.52140665
133.0,0.0,0.0,0.4909999966621399,0.30073,0.4704914
134.0,0.0,0.0,0.5130000114440918,0.29183,0.45783195
135.0,0.0,0.0,0.4860000014305115,0.30572,0.5112544
136.0,0.0,0.0,0.5049999952316284,0.29574,0.46525195
137.0,0.0,0.0,0.4729999899864197,0.31089,0.5241724
138.0,0.0,0.0,0.5130000114440918,0.28842,0.40995863
139.0,0.0,0.0,0.5009999871253967,0.29395,0.43009815
140.0,0.0,0.0,0.5049999952316284,0.29156,0.4166179
141.0,0.0,0.0,0.5,0.30009,0.50038475
142.0,0.0,0.0,0.488999992609024,0.30095,0.4671383
143.0,0.0,0.0,0.4729999899864197,0.3153,0.57176495
144.0,0.0,0.0,0.5239999890327454,0.28492,0.41924313
145.0,0.0,0.0,0.4959999918937683,0.30137,0.49669462
146.0,0.0,0.0,0.4779999852180481,0.31033,0.53373146
147.0,0.0,0.0,0.4880000054836273,0.3093,0.55875003
148.0,0.0,0.0,0.5090000033378601,0.29281,0.45053226
149.0,0.0,0.0,0.5019999742507935,0.30109,0.5248438
150.0,0.0,0.0,0.4760000109672546,0.31125,0.5379922
151.0,0.0,0.0,0.5360000133514404,0.27964,0.41134453
152.0,0.0,0.0,0.4830000102519989,0.30961,0.544499
153.0,0.0,0.0,0.4469999969005584,0.33184,0.6643965
154.0,0.0,0.0,0.4799999892711639,0.31306,0.5717113
155.0,0.0,0.0,0.4779999852180481,0.31515,0.5871603
156.0,0.0,0.0,0.5180000066757202,0.29152,0.4808087
157.0,0.0,0.0,0.5019999742507935,0.29497,0.44716737
158.0,0.0,0.0,0.4679999947547912,0.31574,0.5607241
159.0,0.0,0.0,0.4819999933242798,0.30215,0.46161646
160.0,0.0,0.0,0.5059999823570251,0.29083,0.41161984
161.0,0.0,0.0,0.4620000123977661,0.31788,0.56432223
162.0,0.0,0.0,0.4860000014305115,0.30674,0.5213886
163.0,0.0,0.0,0.4709999859333038,0.31306,0.54121995
164.0,0.0,0.0,0.5130000114440918,0.29097,0.44282785
165.0,0.0,0.0,0.4580000042915344,0.32354,0.6103518
166.0,1.0,0.0,0.460999995470047,0.32699,0.6051997
167.0,0.0,0.0,0.4880000054836273,0.30239,0.48044324
168.0,0.0,0.0,0.4939999878406524,0.29649,0.4365415
169.0,0.0,0.0,0.5059999823570251,0.28923,0.3928695
170.0,0.0,0.0,0.4900000095367431,0.29943,0.4526706
171.0,0.0,0.0,0.5070000290870667,0.28981,0.40357697
172.0,0.0,0.0,0.5149999856948853,0.28798,0.4158217
173.0,0.0,0.0,0.4930000007152557,0.30332,0.509005
174.0,0.0,0.0,0.4819999933242798,0.30606,0.4992193
175.0,0.0,0.0,0.5070000290870667,0.29097,0.4165967
176.0,0.0,0.0,0.4819999933242798,0.30204,0.45874473
177.0,0.0,0.0,0.4950000047683716,0.2966,0.43977472
178.0,0.0,0.0,0.4909999966621399,0.29813,0.4438098
179.0,0.0,0.0,0.5130000114440918,0.28445,0.36572418
180.0,0.0,0.0,0.4909999966621399,0.29531,0.41624725
181.0,0.0,0.0,0.5130000114440918,0.28273,0.34777358
182.0,0.0,0.0,0.5429999828338623,0.26834,0.2853178
183.0,0.0,0.0,0.531000018119812,0.27729,0.35033634
184.0,0.0,0.0,0.5189999938011169,0.28386,0.38218552
185.0,0.0,0.0,0.531000018119812,0.27781,0.35876682
186.0,0.0,0.0,0.5260000228881836,0.28307,0.4070891
187.0,0.0,0.0,0.5419999957084656,0.27007,0.30628142
188.0,0.0,0.0,0.4959999918937683,0.29546,0.4329211
189.0,0.0,0.0,0.5,0.29529,0.44160873
190.0,0.0,0.0,0.5460000038146973,0.27058,0.33975777
191.0,0.0,0.0,0.4939999878406524,0.29636,0.4371211
192.0,0.0,0.0,0.4930000007152557,0.29816,0.4520581
193.0,0.0,0.0,0.4779999852180481,0.30631,0.49402526
194.0,0.0,0.0,0.5299999713897705,0.27336,0.30005237
195.0,0.0,0.0,0.4699999988079071,0.31036,0.51353705
196.0,0.0,0.0,0.4979999959468841,0.29805,0.46838567
197.0,0.0,0.0,0.5189999938011169,0.28179,0.35842308
198.0,0.0,0.0,0.503000020980835,0.2909,0.4045949
199.0,0.0,0.0,0.4990000128746032,0.29349,0.41982707
200.0,0.0,0.0,0.4990000128746032,0.28974,0.38592947
201.0,0.0,0.0,0.5339999794960022,0.26942,0.2729576
202.0,0.0,0.0,0.4720000028610229,0.30665,0.483534
203.0,0.0,0.0,0.4670000076293945,0.31144,0.51704025
204.0,0.0,0.0,0.5070000290870667,0.28719,0.3789042
205.0,0.0,0.0,0.4819999933242798,0.303,0.47269174
206.0,0.0,0.0,0.4939999878406524,0.29652,0.43735597
207.0,0.0,0.0,0.4790000021457672,0.30389,0.4736546
208.0,0.0,0.0,0.5130000114440918,0.28553,0.3774628
209.0,0.0,0.0,0.4900000095367431,0.29985,0.46039465
210.0,0.0,0.0,0.4720000028610229,0.30895,0.5034039
211.0,0.0,0.0,0.4860000014305115,0.30224,0.47419053
212.0,0.0,0.0,0.4699999988079071,0.31239,0.5310555
213.0,0.0,0.0,0.5289999842643738,0.27645,0.3306253
214.0,0.0,0.0,0.5709999799728394,0.24847,0.15708427
215.0,0.0,0.0,0.5149999856948853,0.2821,0.34711403
216.0,0.0,0.0,0.527999997138977,0.27386,0.29915226
217.0,0.0,0.0,0.5249999761581421,0.27595,0.31361333
218.0,0.0,0.0,0.4939999878406524,0.29343,0.40903887
219.0,0.0,0.0,0.4990000128746032,0.29368,0.42338818
220.0,0.0,0.0,0.5,0.29001,0.39004114
221.0,0.0,0.0,0.5180000066757202,0.28172,0.3521016
222.0,1.0,0.0,0.4709999859333038,0.31719,0.5379354
223.0,0.0,0.0,0.5180000066757202,0.27687,0.31206116
224.0,0.0,0.0,0.4959999918937683,0.29335,0.41213247
225.0,0.0,0.0,0.4799999892711639,0.30104,0.45007622
226.0,0.0,0.0,0.4930000007152557,0.29266,0.40180403
227.0,0.0,0.0,0.481000006198883,0.29983,0.44161385
228.0,0.0,0.0,0.5370000004768372,0.27056,0.2944583
229.0,0.0,0.0,0.515999972820282,0.28069,0.33881631
230.0,0.0,0.0,0.5080000162124634,0.28497,0.3608312
231.0,0.0,0.0,0.5189999938011169,0.27934,0.3319109
232.0,0.0,0.0,0.5170000195503235,0.27906,0.32752767
233.0,0.0,0.0,0.4740000069141388,0.30521,0.47663468
234.0,0.0,0.0,0.4869999885559082,0.30078,0.46432543
235.0,0.0,0.0,0.5009999871253967,0.28866,0.38219756
236.0,0.0,0.0,0.5189999938011169,0.28334,0.37821564
237.0,0.0,0.0,0.503000020980835,0.29148,0.4117952
238.0,0.0,0.0,0.5329999923706055,0.27104,0.2838776
239.0,0.0,0.0,0.5070000290870667,0.28781,0.38588977
240.0,0.0,0.0,0.5419999957084656,0.26738,0.27418563
241.0,0.0,0.0,0.5220000147819519,0.27909,0.33664903
242.0,0.0,0.0,0.5210000276565552,0.27906,0.33343866
243.0,0.0,0.0,0.5040000081062317,0.28731,0.37418857
244.0,0.0,0.0,0.5189999938011169,0.28085,0.34620976
245.0,0.0,0.0,0.4959999918937683,0.29922,0.47495615
246.0,0.0,0.0,0.5830000042915344,0.2416,0.12543269
247.0,0.0,0.0,0.5270000100135803,0.27323,0.29149342
248.0,0.0,0.0,0.5139999985694885,0.28145,0.34097964
249.0,0.0,0.0,0.488999992609024,0.29881,0.44812265
250.0,0.0,0.0,0.5180000066757202,0.28473,0.38840273
251.0,0.0,0.0,0.515999972820282,0.28381,0.36875105
252.0,0.0,0.0,0.5320000052452087,0.27292,0.29913664
253.0,0.0,0.0,0.5669999718666077,0.25012,0.1640467
254.0,0.0,0.0,0.5210000276565552,0.27554,0.30329606
255.0,0.0,0.0,0.5189999938011169,0.27793,0.3198509
256.0,0.0,0.0,0.5529999732971191,0.26147,0.24211803
257.0,0.0,0.0,0.5289999842643738,0.27605,0.32488957
258.0,0.0,0.0,0.5109999775886536,0.28895,0.4121977
259.0,0.0,0.0,0.5320000052452087,0.27264,0.29945537
260.0,0.0,0.0,0.4950000047683716,0.29918,0.47103164
261.0,0.0,0.0,0.5019999742507935,0.29201,0.4129065
262.0,0.0,0.0,0.527999997138977,0.27765,0.3425157
263.0,0.0,0.0,0.5540000200271606,0.26062,0.24034047
264.0,0.0,0.0,0.515999972820282,0.2792,0.32678053
265.0,0.0,0.0,0.5640000104904175,0.25466,0.20577116
266.0,0.0,0.0,0.5410000085830688,0.26478,0.2458644
267.0,0.0,0.0,0.5109999775886536,0.28616,0.3783356
268.0,0.0,0.0,0.5149999856948853,0.28692,0.40064904
269.0,0.0,0.0,0.4990000128746032,0.29347,0.42000443
270.0,0.0,0.0,0.5289999842643738,0.27189,0.28390995
271.0,0.0,0.0,0.5329999923706055,0.27172,0.29184616
272.0,0.0,0.0,0.5379999876022339,0.26993,0.28577405
273.0,0.0,0.0,0.5239999890327454,0.27542,0.30473685
274.0,0.0,0.0,0.5049999952316284,0.28626,0.36508164
275.0,0.0,0.0,0.5210000276565552,0.28046,0.3471917
276.0,0.0,0.0,0.5299999713897705,0.27257,0.29178363
277.0,0.0,0.0,0.5460000038146973,0.26556,0.2635406
278.0,0.0,0.0,0.5339999794960022,0.26914,0.26962605
279.0,0.0,0.0,0.5329999923706055,0.27323,0.3071538
280.0,0.0,0.0,0.5400000214576721,0.26547,0.24868704
281.0,0.0,0.0,0.5249999761581421,0.2733,0.29181802
282.0,0.0,0.0,0.5669999718666077,0.24852,0.16165742
283.0,0.0,0.0,0.5260000228881836,0.27567,0.3111301
284.0,0.0,0.0,0.5350000262260437,0.26985,0.28002894
285.0,0.0,0.0,0.5149999856948853,0.28078,0.3357457
286.0,0.0,0.0,0.5440000295639038,0.26373,0.24137335
287.0,0.0,0.0,0.4959999918937683,0.29042,0.38974032
288.0,0.0,0.0,0.5249999761581421,0.27397,0.29685393
289.0,0.0,0.0,0.5059999823570251,0.28423,0.35503703
290.0,0.0,0.0,0.5410000085830688,0.26796,0.2777869
291.0,0.0,0.0,0.5329999923706055,0.27018,0.27663073
292.0,0.0,0.0,0.5189999938011169,0.27856,0.3240202
293.0,0.0,0.0,0.5180000066757202,0.27509,0.30514997
294.0,0.0,0.0,0.5220000147819519,0.27728,0.31784073
295.0,0.0,0.0,0.5550000071525574,0.25437,0.19373907
296.0,0.0,0.0,0.5189999938011169,0.27446,0.30100232
297.0,0.0,0.0,0.5210000276565552,0.27473,0.29819983
298.0,0.0,0.0,0.5180000066757202,0.27808,0.3172103
299.0,0.0,0.0,0.5640000104904175,0.24664,0.18962465
300.0,0.0,0.0,0.5569999814033508,0.25396,0.18547432
301.0,0.0,0.0,0.5249999761581421,0.27233,0.28455132
302.0,0.0,0.0,0.5550000071525574,0.25803,0.20862094
303.0,0.0,0.0,0.5320000052452087,0.26912,0.2682746
304.0,0.0,0.0,0.5559999942779541,0.25523,0.19088769
305.0,0.0,0.0,0.5329999923706055,0.26807,0.26187506
306.0,0.0,0.0,0.5419999957084656,0.26404,0.24025512
307.0,0.0,0.0,0.5320000052452087,0.26856,0.26483086
308.0,0.0,0.0,0.5889999866485596,0.23398,0.12357237
309.0,0.0,0.0,0.5950000286102295,0.2321,0.09127113
310.0,0.0,0.0,0.5450000166893005,0.26024,0.22219642
311.0,0.0,0.0,0.5450000166893005,0.2609,0.2251495
312.0,0.0,0.0,0.5559999942779541,0.25247,0.19646373
313.0,0.0,0.0,0.5529999732971191,0.25717,0.20329584
314.0,0.0,0.0,0.515999972820282,0.28174,0.3464615
315.0,0.0,0.0,0.4690000116825104,0.30881,0.49673536
316.0,0.0,0.0,0.5210000276565552,0.27525,0.30432838
317.0,0.0,0.0,0.5109999775886536,0.27987,0.3298619
318.0,0.0,0.0,0.5450000166893005,0.26069,0.22513211
319.0,0.0,0.0,0.5329999923706055,0.2684,0.26439634
320.0,0.0,0.0,0.4979999959468841,0.28812,0.37372988
321.0,0.0,0.0,0.515999972820282,0.27744,0.31481874
322.0,0.0,0.0,0.5090000033378601,0.27877,0.33361
323.0,0.0,0.0,0.5329999923706055,0.26669,0.26028502
324.0,0.0,0.0,0.5130000114440918,0.27951,0.32647026
325.0,0.0,0.0,0.5389999747276306,0.26458,0.24731539
326.0,0.0,0.0,0.5440000295639038,0.26052,0.23024462
327.0,0.0,0.0,0.5360000133514404,0.2628,0.25888866
328.0,0.0,0.0,0.5350000262260437,0.26552,0.25364545
329.0,0.0,0.0,0.5410000085830688,0.2657,0.25396758
330.0,0.0,0.0,0.5529999732971191,0.25634,0.19971718
331.0,0.0,0.0,0.5389999747276306,0.26595,0.2531094
332.0,0.0,0.0,0.5090000033378601,0.28599,0.37526664
333.0,0.0,0.0,0.5350000262260437,0.2678,0.2621948
334.0,0.0,0.0,0.5180000066757202,0.27644,0.3098091
335.0,0.0,0.0,0.5450000166893005,0.25828,0.23376486
336.0,0.0,0.0,0.5270000100135803,0.27118,0.28108555
337.0,0.0,0.0,0.5329999923706055,0.2713,0.28825593
338.0,0.0,0.0,0.5600000023841858,0.25529,0.19684412
339.0,0.0,0.0,0.488999992609024,0.2938,0.4067133
340.0,0.0,0.0,0.5080000162124634,0.28575,0.36686307
341.0,0.0,0.0,0.5220000147819519,0.27513,0.30205756
342.0,0.0,0.0,0.5600000023841858,0.25188,0.18208104
343.0,0.0,0.0,0.5699999928474426,0.24713,0.15181836
344.0,0.0,0.0,0.5659999847412109,0.24784,0.16186401
345.0,0.0,0.0,0.5709999799728394,0.24552,0.14939223
346.0,0.0,0.0,0.574999988079071,0.24403,0.13312049
347.0,0.0,0.0,0.6069999933242798,0.22371,0.120161556
348.0,0.0,0.0,0.5789999961853027,0.2413,0.123447016
349.0,0.0,0.0,0.6060000061988831,0.2258,0.080902055
350.0,0.0,0.0,0.593999981880188,0.23269,0.09649569
351.0,0.0,0.0,0.5720000267028809,0.24582,0.14684366
352.0,0.0,0.0,0.5809999704360962,0.23871,0.13380708
353.0,0.0,0.0,0.5789999961853027,0.24164,0.12396839
354.0,0.0,0.0,0.5559999942779541,0.25536,0.1933472
355.0,0.0,0.0,0.5730000138282776,0.24423,0.14824893
356.0,0.0,0.0,0.5649999976158142,0.24915,0.16482635
357.0,0.0,0.0,0.5920000076293945,0.23289,0.11768916
358.0,0.0,0.0,0.5479999780654907,0.25764,0.21451572
359.0,0.0,0.0,0.6100000143051147,0.22311,0.102171116
360.0,0.0,0.0,0.5889999866485596,0.23532,0.11173696
361.0,0.0,0.0,0.5799999833106995,0.24392,0.13481732
362.0,0.0,0.0,0.5680000185966492,0.24688,0.15909699
363.0,0.0,0.0,0.5699999928474426,0.24545,0.15776485
364.0,0.0,0.0,0.5929999947547913,0.23238,0.11500294
365.0,0.0,0.0,0.5820000171661377,0.23898,0.12185348
366.0,0.0,0.0,0.5920000076293945,0.2352,0.09050231
367.0,0.0,0.0,0.5580000281333923,0.2535,0.1870618
368.0,0.0,0.0,0.6000000238418579,0.23038,0.0802271
369.0,0.0,0.0,0.5920000076293945,0.23573,0.097444646
370.0,0.0,0.0,0.593999981880188,0.23305,0.096768424
371.0,0.0,0.0,0.593999981880188,0.23461,0.08737514
372.0,0.0,0.0,0.6060000061988831,0.22722,0.062448923
373.0,0.0,0.0,0.6060000061988831,0.22549,0.09262434
374.0,0.0,0.0,0.5849999785423279,0.23644,0.1373129
375.0,0.0,0.0,0.6060000061988831,0.22521,0.090404
376.0,0.0,0.0,0.5690000057220459,0.24705,0.15392643
377.0,0.0,0.0,0.5950000286102295,0.23447,0.08321914
378.0,0.0,0.0,0.5929999947547913,0.23385,0.09360844
379.0,0.0,0.0,0.6019999980926514,0.22626,0.13445906
380.0,0.0,0.0,0.6190000176429749,0.2169,0.13539352
381.0,0.0,0.0,0.550000011920929,0.25786,0.2089963
382.0,0.0,0.0,0.5529999732971191,0.25584,0.19936696
383.0,0.0,0.0,0.5569999814033508,0.25213,0.19458239
384.0,0.0,0.0,0.5479999780654907,0.25985,0.21863502
385.0,0.0,0.0,0.5350000262260437,0.2653,0.25408864
386.0,0.0,0.0,0.5839999914169312,0.23708,0.13759816
387.0,0.0,0.0,0.5540000200271606,0.25782,0.20827088
388.0,0.0,0.0,0.5479999780654907,0.25972,0.21920997
389.0,0.0,0.0,0.5649999976158142,0.25015,0.16731709
390.0,0.0,0.0,0.5680000185966492,0.24879,0.15759428
391.0,0.0,0.0,0.5550000071525574,0.25521,0.19541699
392.0,0.0,0.0,0.5680000185966492,0.24493,0.1859408
393.0,0.0,0.0,0.5450000166893005,0.25978,0.22515298
394.0,0.0,0.0,0.5720000267028809,0.24313,0.16313732
395.0,0.0,0.0,0.5770000219345093,0.24219,0.13718802
396.0,0.0,0.0,0.531000018119812,0.26768,0.26373073
397.0,0.0,0.0,0.5429999828338623,0.26451,0.24551317
398.0,0.0,0.0,0.5690000057220459,0.24899,0.16172196
399.0,0.0,0.0,0.5669999718666077,0.2464,0.17401697
400.0,0.0,0.0,0.5479999780654907,0.26041,0.22005832
401.0,0.0,0.0,0.5519999861717224,0.25745,0.20642541
402.0,0.0,0.0,0.5789999961853027,0.24041,0.1372809
403.0,0.0,0.0,0.531000018119812,0.26808,0.2666843
404.0,0.0,0.0,0.6079999804496765,0.22513,0.077303186
405.0,0.0,0.0,0.5609999895095825,0.25423,0.18759799
406.0,0.0,0.0,0.5860000252723694,0.23601,0.12743463
407.0,0.0,0.0,0.6589999794960022,0.1994,0.1657057
408.0,0.0,0.0,0.6650000214576721,0.19114,0.23976524
409.0,0.0,0.0,0.5860000252723694,0.23577,0.1292612
410.0,0.0,0.0,0.6110000014305115,0.22262,0.08392659
411.0,0.0,0.0,0.5690000057220459,0.24664,0.14798163
412.0,0.0,0.0,0.5910000205039978,0.23403,0.09053821
413.0,0.0,0.0,0.6100000143051147,0.22325,0.0724192
414.0,0.0,0.0,0.6140000224113464,0.21959,0.11781865
415.0,0.0,0.0,0.574999988079071,0.24487,0.12785055
416.0,0.0,0.0,0.5820000171661377,0.23958,0.10883774
417.0,0.0,0.0,0.5860000252723694,0.23688,0.102291666
418.0,0.0,0.0,0.5960000157356262,0.23344,0.06157287
419.0,0.0,0.0,0.5699999928474426,0.24538,0.15298219
420.0,0.0,0.0,0.5809999704360962,0.24115,0.10750054
421.0,0.0,0.0,0.6029999852180481,0.23087,0.057093035
422.0,0.0,0.0,0.5910000205039978,0.23391,0.097660504
423.0,0.0,0.0,0.5789999961853027,0.2425,0.11458583
424.0,0.0,0.0,0.5809999704360962,0.24078,0.110339865
425.0,0.0,0.0,0.5910000205039978,0.23135,0.15090388
426.0,0.0,0.0,0.6320000290870667,0.20993,0.13274011
427.0,0.0,0.0,0.5899999737739563,0.23525,0.08979948
428.0,0.0,0.0,0.609000027179718,0.22262,0.11580203
429.0,0.0,0.0,0.6079999804496765,0.22744,0.031380113
430.0,0.0,0.0,0.5910000205039978,0.23602,0.07755088
431.0,0.0,0.0,0.6190000176429749,0.22052,0.017386116
432.0,0.0,0.0,0.5960000157356262,0.23231,0.063342586
433.0,0.0,0.0,0.5690000057220459,0.24566,0.15212712
434.0,0.0,0.0,0.5979999899864197,0.23149,0.057846867
435.0,0.0,0.0,0.6140000224113464,0.22108,0.08267208
436.0,0.0,0.0,0.5730000138282776,0.24288,0.15483493
437.0,0.0,0.0,0.5789999961853027,0.24294,0.116306975
438.0,0.0,0.0,0.578000009059906,0.24397,0.12243576
439.0,0.0,0.0,0.6000000238418579,0.22953,0.0636768
440.0,0.0,0.0,0.6050000190734863,0.22596,0.08199453
441.0,0.0,0.0,0.5979999899864197,0.23164,0.054575548
442.0,0.0,0.0,0.5669999718666077,0.25085,0.16193092
443.0,0.0,0.0,0.640999972820282,0.204,0.19340579
444.0,0.0,0.0,0.5870000123977661,0.24069,0.113547996
445.0,0.0,0.0,0.5870000123977661,0.23941,0.099143766
446.0,0.0,0.0,0.5490000247955322,0.25993,0.21227305
447.0,0.0,0.0,0.5630000233650208,0.25392,0.18302958
448.0,0.0,0.0,0.5799999833106995,0.2412,0.110577755
449.0,0.0,0.0,0.5849999785423279,0.23726,0.10622013
450.0,0.0,0.0,0.5870000123977661,0.23393,0.14912128
451.0,0.0,0.0,0.5849999785423279,0.23714,0.10734281
452.0,0.0,0.0,0.5669999718666077,0.24935,0.15262312
453.0,0.0,0.0,0.578000009059906,0.24281,0.11653431
454.0,0.0,0.0,0.5529999732971191,0.25705,0.19629313
455.0,0.0,0.0,0.5789999961853027,0.24027,0.13013937
456.0,0.0,0.0,0.5690000057220459,0.25,0.1581847
457.0,0.0,0.0,0.6150000095367432,0.22064,0.077783994
458.0,0.0,0.0,0.5799999833106995,0.24201,0.11090927
459.0,0.0,0.0,0.5699999928474426,0.24709,0.14255421
460.0,0.0,0.0,0.5920000076293945,0.23387,0.08793789
461.0,0.0,0.0,0.5740000009536743,0.24691,0.13986897
462.0,0.0,0.0,0.5820000171661377,0.24075,0.10597433
463.0,0.0,0.0,0.5929999947547913,0.23671,0.08573188
464.0,0.0,0.0,0.5370000004768372,0.26534,0.24460678
465.0,0.0,0.0,0.5830000042915344,0.24026,0.10226932
466.0,0.0,0.0,0.5550000071525574,0.25869,0.21117173
467.0,0.0,0.0,0.5460000038146973,0.2604,0.21622856
468.0,0.0,0.0,0.5920000076293945,0.23343,0.09462242
469.0,0.0,0.0,0.5370000004768372,0.26639,0.24900481
470.0,0.0,0.0,0.5950000286102295,0.23414,0.066900596
471.0,0.0,0.0,0.5960000157356262,0.23393,0.064320065
472.0,0.0,0.0,0.550000011920929,0.26166,0.22942589
473.0,0.0,0.0,0.5690000057220459,0.24645,0.14977616
474.0,0.0,0.0,0.5730000138282776,0.24454,0.140803
475.0,0.0,0.0,0.6129999756813049,0.22288,0.0368016
476.0,0.0,0.0,0.628000020980835,0.21411,0.078639545
477.0,0.0,0.0,0.597000002861023,0.23087,0.07309999
478.0,0.0,0.0,0.6389999985694885,0.20849,0.09656975
479.0,0.0,0.0,0.6240000128746033,0.21354,0.1569856
480.0,0.0,0.0,0.5989999771118164,0.23116,0.050698727
481.0,0.0,0.0,0.5950000286102295,0.23069,0.1154118
482.0,0.0,0.0,0.5989999771118164,0.2289,0.1040115
483.0,0.0,0.0,0.625,0.2155,0.082064874
484.0,0.0,0.0,0.5699999928474426,0.2454,0.14639767
485.0,0.0,0.0,0.6050000190734863,0.22595,0.082772605
486.0,0.0,0.0,0.6010000109672546,0.22792,0.09257861
487.0,0.0,0.0,0.574999988079071,0.24506,0.12799746
488.0,0.0,0.0,0.5870000123977661,0.23608,0.10725095
489.0,0.0,0.0,0.6380000114440918,0.20631,0.16619824
490.0,0.0,0.0,0.6169999837875366,0.21921,0.085301235
491.0,0.0,0.0,0.6140000224113464,0.22338,0.014198141
492.0,0.0,0.0,0.656000018119812,0.19672,0.20188756
493.0,0.0,0.0,0.6510000228881836,0.20003,0.16972451
494.0,0.0,0.0,0.6439999938011169,0.20359,0.15785605
495.0,0.0,0.0,0.6399999856948853,0.20581,0.14313163
496.0,0.0,0.0,0.675000011920929,0.1864,0.24677803
497.0,0.0,0.0,0.6499999761581421,0.20102,0.14961241
498.0,0.0,0.0,0.6489999890327454,0.19963,0.20366111
499.0,0.0,0.0,0.6430000066757202,0.205,0.13189621
500.0,0.0,0.0,0.671999990940094,0.18945,0.21301831
501.0,0.0,0.0,0.6460000276565552,0.20386,0.1275362
502.0,0.0,0.0,0.6079999804496765,0.22431,0.08663146
503.0,0.0,0.0,0.6370000243186951,0.20996,0.08430926
504.0,0.0,0.0,0.6269999742507935,0.21248,0.13742697
505.0,0.0,0.0,0.6510000228881836,0.20197,0.12948015
506.0,0.0,0.0,0.6420000195503235,0.20632,0.110364564
507.0,0.0,0.0,0.6060000061988831,0.22603,0.05889287
508.0,0.0,0.0,0.6389999985694885,0.2086,0.09140922
509.0,0.0,0.0,0.6309999823570251,0.21289,0.07381067
510.0,0.0,0.0,0.5799999833106995,0.24174,0.112358056
511.0,0.0,0.0,0.6269999742507935,0.21332,0.1035506
512.0,0.0,0.0,0.6100000143051147,0.22508,0.03170782
513.0,0.0,0.0,0.6340000033378601,0.21058,0.090219565
514.0,0.0,0.0,0.6480000019073486,0.20341,0.12188232
515.0,0.0,0.0,0.609000027179718,0.22363,0.088076316
516.0,0.0,0.0,0.6359999775886536,0.21103,0.0712841
517.0,0.0,0.0,0.6399999856948853,0.20578,0.14762211
518.0,0.0,0.0,0.6359999775886536,0.20906,0.11561613
519.0,0.0,0.0,0.6179999709129333,0.21927,0.064148866
520.0,0.0,0.0,0.6290000081062317,0.21223,0.114558674
521.0,0.0,0.0,0.6309999823570251,0.21296,0.07390885
522.0,0.0,0.0,0.5960000157356262,0.22998,0.12024241
523.0,0.0,0.0,0.6069999933242798,0.22768,0.0548018
524.0,0.0,0.0,0.5920000076293945,0.23627,0.099649966
525.0,0.0,0.0,0.5960000157356262,0.2316,0.09160654
526.0,0.0,0.0,0.5770000219345093,0.24305,0.124806955
527.0,0.0,0.0,0.6119999885559082,0.22205,0.08269636
528.0,0.0,0.0,0.5770000219345093,0.24078,0.13798171
529.0,0.0,0.0,0.5910000205039978,0.23485,0.08573647
530.0,0.0,0.0,0.578000009059906,0.2423,0.12078603
531.0,0.0,0.0,0.5569999814033508,0.25507,0.18523285
532.0,0.0,0.0,0.5770000219345093,0.24437,0.124161184
533.0,0.0,0.0,0.6169999837875366,0.21916,0.09590057
534.0,0.0,0.0,0.5830000042915344,0.23925,0.108337104
535.0,0.0,0.0,0.6000000238418579,0.23,0.059624948
536.0,0.0,0.0,0.6110000014305115,0.22632,0.03461462
537.0,0.0,0.0,0.6179999709129333,0.21974,0.048336476
538.0,0.0,0.0,0.5649999976158142,0.25114,0.16254233
539.0,0.0,0.0,0.6039999723434448,0.22668,0.07650334
540.0,0.0,0.0,0.6209999918937683,0.21934,0.024759084
541.0,0.0,0.0,0.6010000109672546,0.22857,0.085906565
542.0,0.0,0.0,0.6150000095367432,0.22291,0.0
543.0,0.0,0.0,0.6079999804496765,0.22474,0.07456907
544.0,0.0,0.0,0.5839999914169312,0.23863,0.10776674
545.0,0.0,0.0,0.6209999918937683,0.21837,0.055165693
546.0,0.0,0.0,0.6510000228881836,0.19911,0.19218726
547.0,0.0,0.0,0.6759999990463257,0.18621,0.24048065
548.0,0.0,0.0,0.6660000085830688,0.1925,0.19566672
549.0,0.0,0.0,0.652999997138977,0.19644,0.24548234
550.0,0.0,0.0,0.6679999828338623,0.19304,0.18125379
551.0,0.0,0.0,0.6809999942779541,0.18362,0.25614703
552.0,0.0,0.0,0.6660000085830688,0.19237,0.1977445
553.0,0.0,0.0,0.6610000133514404,0.19553,0.17382152
554.0,0.0,0.0,0.6880000233650208,0.18074,0.2619057
555.0,0.0,0.0,0.6850000023841858,0.17964,0.30674025
556.0,0.0,0.0,0.6489999890327454,0.19974,0.20568082
557.0,0.0,0.0,0.6779999732971191,0.18708,0.21856715
558.0,0.0,0.0,0.6859999895095825,0.18092,0.2741252
559.0,0.0,0.0,0.6639999747276306,0.19332,0.19495237
560.0,0.0,0.0,0.6710000038146973,0.19255,0.18672682
561.0,0.0,0.0,0.6859999895095825,0.17872,0.32071936
562.0,0.0,0.0,0.6809999942779541,0.1833,0.26271585
563.0,0.0,0.0,0.6809999942779541,0.18566,0.22849724
564.0,0.0,0.0,0.6940000057220459,0.17635,0.3019358
565.0,0.0,0.0,0.6800000071525574,0.18532,0.23597972
566.0,0.0,0.0,0.718999981880188,0.16222,0.39332312
567.0,0.0,0.0,0.671999990940094,0.18957,0.20932697
568.0,0.0,0.0,0.6899999976158142,0.17787,0.29813713
569.0,0.0,0.0,0.7260000109672546,0.15939,0.40495208
570.0,0.0,0.0,0.6660000085830688,0.19317,0.18303862
571.0,0.0,0.0,0.6880000233650208,0.18017,0.2752308
572.0,0.0,0.0,0.7250000238418579,0.1597,0.403107
573.0,0.0,0.0,0.6949999928474426,0.17705,0.28411397
574.0,0.0,0.0,0.6970000267028809,0.17619,0.29080924
575.0,0.0,0.0,0.6970000267028809,0.17535,0.2996097
576.0,0.0,0.0,0.6809999942779541,0.18463,0.24046361
577.0,0.0,0.0,0.699999988079071,0.17453,0.30039233
578.0,0.0,0.0,0.7129999995231628,0.16515,0.37649456
579.0,0.0,0.0,0.6759999990463257,0.18812,0.21217543
580.0,0.0,0.0,0.7059999704360962,0.16818,0.37454665
581.0,0.0,0.0,0.6729999780654907,0.19009,0.19971785
582.0,0.0,0.0,0.7160000205039978,0.16439,0.37663212
583.0,0.0,0.0,0.7009999752044678,0.17366,0.3088978
584.0,0.0,0.0,0.675000011920929,0.18968,0.20107949
585.0,0.0,0.0,0.6809999942779541,0.18475,0.23755467
586.0,0.0,0.0,0.6959999799728394,0.17666,0.28803387
587.0,0.0,0.0,0.6919999718666077,0.18027,0.26136002
588.0,0.0,0.0,0.6949999928474426,0.17669,0.2900847
589.0,0.0,0.0,0.6589999794960022,0.20108,0.15307471
590.0,0.0,0.0,0.6769999861717224,0.18827,0.2111437
591.0,0.0,0.0,0.6919999718666077,0.18004,0.2624018
592.0,0.0,0.0,0.6850000023841858,0.18284,0.24775723
593.0,0.0,0.0,0.6159999966621399,0.22568,0.08712698
594.0,0.0,0.0,0.6650000214576721,0.1938,0.17999241
595.0,0.0,0.0,0.6499999761581421,0.2038,0.11459223
596.0,0.0,0.0,0.6840000152587891,0.18549,0.23095548
597.0,0.0,0.0,0.6420000195503235,0.2086,0.090653814
598.0,0.0,0.0,0.6399999856948853,0.20854,0.0866508
599.0,0.0,0.0,0.6449999809265137,0.20217,0.18606137
600.0,0.0,0.0,0.6399999856948853,0.21017,0.08825184
601.0,0.0,0.0,0.6420000195503235,0.20854,0.087584846
602.0,0.0,0.0,0.6159999966621399,0.22274,0.013499233
603.0,0.0,0.0,0.621999979019165,0.22182,0.0723441
604.0,0.0,0.0,0.6330000162124634,0.212,0.07581275
605.0,0.0,0.0,0.6700000166893005,0.19235,0.18493675
606.0,0.0,0.0,0.6389999985694885,0.2099,0.08154598
607.0,0.0,0.0,0.6349999904632568,0.2103,0.09500383
608.0,0.0,0.0,0.6330000162124634,0.21354,0.059280373
609.0,0.0,0.0,0.6309999823570251,0.21077,0.13334665
610.0,0.0,0.0,0.5830000042915344,0.23879,0.110314034
611.0,0.0,0.0,0.6240000128746033,0.21666,0.05514941
612.0,0.0,0.0,0.5910000205039978,0.23535,0.08131303
613.0,0.0,0.0,0.5799999833106995,0.24412,0.13000272
614.0,0.0,0.0,0.6240000128746033,0.21769,0.032619175
615.0,0.0,0.0,0.6010000109672546,0.23415,0.106910035
616.0,0.0,0.0,0.6050000190734863,0.22698,0.05805619
617.0,0.0,0.0,0.6060000061988831,0.22699,0.045577746
618.0,0.0,0.0,0.6169999837875366,0.22267,0.028893033
619.0,0.0,0.0,0.6060000061988831,0.22718,0.045995966
620.0,0.0,0.0,0.5929999947547913,0.23294,0.09836891
621.0,0.0,0.0,0.5979999899864197,0.23055,0.08176333
622.0,0.0,0.0,0.6230000257492065,0.21856,0.029562986
623.0,0.0,0.0,0.6439999938011169,0.20422,0.14444214
624.0,0.0,0.0,0.6499999761581421,0.20155,0.14270772
625.0,0.0,0.0,0.6570000052452087,0.19716,0.17609
626.0,0.0,0.0,0.6399999856948853,0.20775,0.10140338
627.0,0.0,0.0,0.6159999966621399,0.22391,0.045128137
628.0,0.0,0.0,0.6119999885559082,0.2242,0.031032829
629.0,0.0,0.0,0.6769999861717224,0.18715,0.22344019
630.0,0.0,0.0,0.6859999895095825,0.18146,0.26312083
631.0,0.0,0.0,0.6809999942779541,0.18641,0.22233988
632.0,0.0,0.0,0.7049999833106995,0.17097,0.3265046
633.0,0.0,0.0,0.6890000104904175,0.17898,0.28792113
634.0,0.0,0.0,0.6809999942779541,0.18469,0.24010633
635.0,0.0,0.0,0.6880000233650208,0.18068,0.26986018
636.0,0.0,0.0,0.7250000238418579,0.15845,0.42606544
637.0,0.0,0.0,0.7020000219345093,0.17317,0.31548023
638.0,0.0,0.0,0.7099999785423279,0.16788,0.35519168
639.0,0.0,0.0,0.7229999899864197,0.16093,0.39942902
640.0,0.0,0.0,0.7229999899864197,0.16182,0.3904907
641.0,0.0,0.0,0.7049999833106995,0.17105,0.3323887
642.0,0.0,0.0,0.6930000185966492,0.17993,0.27331945
643.0,0.0,0.0,0.7099999785423279,0.16906,0.34577534
644.0,0.0,0.0,0.6949999928474426,0.17688,0.2963138
645.0,0.0,0.0,0.7210000157356262,0.16322,0.3818472
646.0,0.0,0.0,0.6729999780654907,0.18895,0.21675019
647.0,0.0,0.0,0.718999981880188,0.16264,0.38671938
648.0,0.0,0.0,0.6830000281333923,0.18151,0.28368258
649.0,0.0,0.0,0.6890000104904175,0.17998,0.26866305
650.0,0.0,0.0,0.6819999814033508,0.1821,0.27761608
651.0,0.0,0.0,0.7429999709129333,0.14956,0.472901
652.0,0.0,0.0,0.7279999852180481,0.15844,0.40991148
653.0,0.0,0.0,0.7179999947547913,0.16292,0.3864549
654.0,0.0,0.0,0.7400000095367432,0.14979,0.48629585
655.0,0.0,0.0,0.6970000267028809,0.1755,0.2988002
656.0,0.0,0.0,0.7210000157356262,0.16222,0.38483608
657.0,0.0,0.0,0.6959999799728394,0.17489,0.31132454
658.0,0.0,0.0,0.7089999914169312,0.16849,0.3463
659.0,0.0,0.0,0.7120000123977661,0.16799,0.34313124
660.0,0.0,0.0,0.699999988079071,0.17294,0.325711
661.0,0.0,0.0,0.7179999947547913,0.16484,0.36458752
662.0,0.0,0.0,0.7149999737739563,0.16594,0.35892686
663.0,0.0,0.0,0.7160000205039978,0.16266,0.4106023
664.0,0.0,0.0,0.7350000143051147,0.15458,0.4355122
665.0,0.0,0.0,0.7059999704360962,0.17247,0.31264007
666.0,0.0,0.0,0.7200000286102295,0.16518,0.36336905
667.0,0.0,0.0,0.7099999785423279,0.16902,0.33719596
668.0,0.0,0.0,0.675000011920929,0.18902,0.20673849
669.0,0.0,0.0,0.703000009059906,0.17313,0.30847555
670.0,0.0,0.0,0.7310000061988831,0.15594,0.432339
671.0,0.0,0.0,0.7070000171661377,0.17058,0.3258046
672.0,0.0,0.0,0.7269999980926514,0.15857,0.4119174
673.0,0.0,0.0,0.7350000143051147,0.15336,0.4523916
674.0,0.0,0.0,0.7390000224113464,0.15277,0.44733918
675.0,0.0,0.0,0.6959999799728394,0.17586,0.29685983
676.0,0.0,0.0,0.7120000123977661,0.16541,0.3841418
677.0,0.0,0.0,0.7369999885559082,0.15231,0.46191853
678.0,0.0,0.0,0.7110000252723694,0.16882,0.3379077
679.0,0.0,0.0,0.6819999814033508,0.18434,0.23837237
680.0,0.0,0.0,0.7089999914169312,0.16825,0.34782487
681.0,0.0,0.0,0.7210000157356262,0.16229,0.38449144
682.0,0.0,0.0,0.7099999785423279,0.16754,0.35636115
683.0,0.0,0.0,0.6890000104904175,0.18167,0.25264546
684.0,0.0,0.0,0.7020000219345093,0.17137,0.3399384
685.0,0.0,0.0,0.6840000152587891,0.18505,0.23198919
686.0,0.0,0.0,0.7049999833106995,0.17248,0.31190786
687.0,0.0,0.0,0.6970000267028809,0.17522,0.30088702
688.0,0.0,0.0,0.6850000023841858,0.18287,0.24699265
689.0,0.0,0.0,0.6809999942779541,0.1819,0.29444066
690.0,0.0,0.0,0.6959999799728394,0.17624,0.29106686
691.0,0.0,0.0,0.6859999895095825,0.18236,0.24973798
692.0,0.0,0.0,0.7080000042915344,0.16898,0.34543535
693.0,0.0,0.0,0.6679999828338623,0.19397,0.17554757
694.0,0.0,0.0,0.7149999737739563,0.16639,0.3537894
695.0,0.0,0.0,0.7120000123977661,0.16637,0.36286387
696.0,0.0,0.0,0.6980000138282776,0.17584,0.2918524
697.0,0.0,0.0,0.6909999847412109,0.17832,0.2852495
698.0,0.0,0.0,0.7070000171661377,0.16989,0.33354586
699.0,0.0,0.0,0.6610000133514404,0.19624,0.16707449
700.0,0.0,0.0,0.6539999842643738,0.20075,0.13532628
701.0,0.0,0.0,0.7160000205039978,0.16411,0.37789634
702.0,0.0,0.0,0.6880000233650208,0.18266,0.24694668
703.0,0.0,0.0,0.6899999976158142,0.17903,0.28062522
704.0,0.0,0.0,0.6729999780654907,0.18857,0.2198493
705.0,0.0,0.0,0.6899999976158142,0.18009,0.2643685
706.0,0.0,0.0,0.7120000123977661,0.16776,0.34554437
707.0,0.0,0.0,0.7289999723434448,0.15828,0.40875906
708.0,0.0,0.0,0.7099999785423279,0.16742,0.35798335
709.0,0.0,0.0,0.671999990940094,0.18905,0.21600507
710.0,0.0,0.0,0.6880000233650208,0.18359,0.24773717
711.0,0.0,0.0,0.6650000214576721,0.19388,0.18333769
712.0,0.0,0.0,0.6840000152587891,0.18298,0.2501584
713.0,0.0,0.0,0.6869999766349792,0.1854,0.2453379
714.0,0.0,0.0,0.6970000267028809,0.17482,0.30639076
715.0,0.0,0.0,0.6949999928474426,0.17759,0.27973813
716.0,0.0,0.0,0.7170000076293945,0.16491,0.3637111
717.0,0.0,0.0,0.7160000205039978,0.16518,0.36439556
718.0,0.0,0.0,0.6740000247955322,0.18996,0.20037785
719.0,0.0,0.0,0.6949999928474426,0.17804,0.27729017
720.0,0.0,0.0,0.6629999876022339,0.19818,0.16358352
721.0,0.0,0.0,0.7170000076293945,0.16604,0.35571223
722.0,0.0,0.0,0.7139999866485596,0.16595,0.36054814
723.0,0.0,0.0,0.7020000219345093,0.17399,0.30277815
724.0,0.0,0.0,0.6779999732971191,0.1891,0.21102263
725.0,0.0,0.0,0.6639999747276306,0.19279,0.2041246
726.0,0.0,0.0,0.6850000023841858,0.18484,0.23512118
727.0,0.0,0.0,0.6790000200271606,0.18647,0.22323528
728.0,0.0,0.0,0.7009999752044678,0.1734,0.30962223
729.0,0.0,0.0,0.6790000200271606,0.18668,0.22172153
730.0,0.0,0.0,0.6919999718666077,0.18006,0.26401237
731.0,0.0,0.0,0.6819999814033508,0.18689,0.22600323
732.0,0.0,0.0,0.6639999747276306,0.19631,0.16285148
733.0,0.0,0.0,0.6909999847412109,0.18197,0.25769812
734.0,0.0,0.0,0.7070000171661377,0.17195,0.31610644
735.0,0.0,0.0,0.6769999861717224,0.18852,0.21045254
736.0,0.0,0.0,0.6909999847412109,0.18162,0.25767753
737.0,0.0,0.0,0.7059999704360962,0.17162,0.3187061
738.0,0.0,0.0,0.6690000295639038,0.19405,0.1811424
739.0,0.0,0.0,0.6899999976158142,0.18282,0.25329906
740.0,0.0,0.0,0.7149999737739563,0.16877,0.3441079
741.0,0.0,0.0,0.7160000205039978,0.16704,0.34972337
742.0,0.0,0.0,0.6940000057220459,0.17838,0.27535388
743.0,0.0,0.0,0.6830000281333923,0.18773,0.23396981
744.0,0.0,0.0,0.6859999895095825,0.18522,0.24052429
745.0,0.0,0.0,0.6909999847412109,0.17927,0.27284917
746.0,0.0,0.0,0.718999981880188,0.16466,0.36442533
747.0,0.0,0.0,0.7080000042915344,0.17193,0.31766906
748.0,0.0,0.0,0.7179999947547913,0.16586,0.35641927
749.0,0.0,0.0,0.7319999933242798,0.15532,0.43603867
750.0,0.0,0.0,0.7089999914169312,0.17032,0.3261155
751.0,0.0,0.0,0.7540000081062317,0.14294,0.5233505
752.0,0.0,0.0,0.7080000042915344,0.16986,0.33229303
753.0,0.0,0.0,0.7149999737739563,0.16803,0.34405434
754.0,0.0,0.0,0.703000009059906,0.17443,0.30046302
755.0,0.0,0.0,0.6919999718666077,0.18165,0.26164204
756.0,0.0,0.0,0.6650000214576721,0.20002,0.2031472
757.0,0.0,0.0,0.7429999709129333,0.14974,0.47302315
758.0,0.0,0.0,0.7120000123977661,0.17127,0.3329731
759.0,0.0,0.0,0.7160000205039978,0.16809,0.34916532
760.0,0.0,0.0,0.7149999737739563,0.1666,0.3521279
761.0,0.0,0.0,0.7350000143051147,0.15487,0.43317097
762.0,0.0,0.0,0.7009999752044678,0.17594,0.29204115
763.0,0.0,0.0,0.7300000190734863,0.15801,0.4108131
764.0,0.0,0.0,0.7239999771118164,0.16204,0.38227051
765.0,0.0,0.0,0.7170000076293945,0.1644,0.37120503
766.0,0.0,0.0,0.7120000123977661,0.16922,0.3351297
767.0,0.0,0.0,0.6990000009536743,0.17732,0.28690696
768.0,0.0,0.0,0.7139999866485596,0.16769,0.34409973
769.0,0.0,0.0,0.6869999766349792,0.18614,0.25028104
770.0,0.0,0.0,0.6539999842643738,0.20523,0.16779406
771.0,0.0,0.0,0.675000011920929,0.19101,0.20285717
772.0,0.0,0.0,0.6710000038146973,0.1948,0.19621153
773.0,0.0,0.0,0.6800000071525574,0.19163,0.25029442
774.0,0.0,0.0,0.7080000042915344,0.171,0.32250598
775.0,0.0,0.0,0.6899999976158142,0.1823,0.25261173
776.0,0.0,0.0,0.6850000023841858,0.18562,0.23825459
777.0,0.0,0.0,0.7120000123977661,0.16936,0.33459088
778.0,0.0,0.0,0.6940000057220459,0.18171,0.2720795
779.0,0.0,0.0,0.675000011920929,0.18874,0.20882852
780.0,0.0,0.0,0.6909999847412109,0.18106,0.25808853
781.0,0.0,0.0,0.6769999861717224,0.19027,0.209103
782.0,0.0,0.0,0.6919999718666077,0.18051,0.26095435
783.0,0.0,0.0,0.718999981880188,0.16698,0.3600152
784.0,0.0,0.0,0.7149999737739563,0.16742,0.34706247
785.0,0.0,0.0,0.6859999895095825,0.18508,0.24010152
786.0,0.0,0.0,0.7179999947547913,0.16569,0.3584575
787.0,0.0,0.0,0.7120000123977661,0.17095,0.33278078
788.0,0.0,0.0,0.6930000185966492,0.17996,0.2647209
789.0,0.0,0.0,0.6790000200271606,0.18842,0.21584438
790.0,0.0,0.0,0.7089999914169312,0.17371,0.33069915
791.0,0.0,0.0,0.703000009059906,0.17717,0.30969626
792.0,0.0,0.0,0.7049999833106995,0.17561,0.31192502
793.0,0.0,0.0,0.6880000233650208,0.18471,0.2534317
794.0,0.0,0.0,0.6729999780654907,0.19311,0.20296375
795.0,0.0,0.0,0.699999988079071,0.17792,0.2891673
796.0,0.0,0.0,0.6819999814033508,0.18796,0.23231122
797.0,0.0,0.0,0.7139999866485596,0.16964,0.33980325
798.0,0.0,0.0,0.7070000171661377,0.17409,0.3197157
799.0,0.0,0.0,0.7039999961853027,0.17515,0.3038602
800.0,0.0,0.0,0.7110000252723694,0.17027,0.33041045
801.0,0.0,0.0,0.7450000047683716,0.15073,0.46232608
802.0,0.0,0.0,0.6869999766349792,0.18449,0.24393067
803.0,0.0,0.0,0.6970000267028809,0.17901,0.27836096
804.0,0.0,0.0,0.7170000076293945,0.1661,0.35485396
805.0,0.0,0.0,0.6830000281333923,0.18752,0.2300435
806.0,0.0,0.0,0.718999981880188,0.16548,0.3594534
807.0,0.0,0.0,0.7070000171661377,0.17457,0.31956488
808.0,0.0,0.0,0.7260000109672546,0.16259,0.38826126
809.0,0.0,0.0,0.6990000009536743,0.1789,0.29266256
810.0,0.0,0.0,0.6940000057220459,0.18193,0.27753896
811.0,0.0,0.0,0.7260000109672546,0.16364,0.38880607
812.0,0.0,0.0,0.6850000023841858,0.18646,0.24078634
813.0,0.0,0.0,0.6819999814033508,0.18853,0.23676817
814.0,0.0,0.0,0.6930000185966492,0.18202,0.265641
815.0,0.0,0.0,0.6779999732971191,0.1915,0.2232458
816.0,0.0,0.0,0.6679999828338623,0.19592,0.1805948
817.0,0.0,0.0,0.7059999704360962,0.17584,0.317979
818.0,0.0,0.0,0.7039999961853027,0.17613,0.3058444
819.0,0.0,0.0,0.6980000138282776,0.18122,0.3020309
820.0,0.0,0.0,0.6830000281333923,0.19022,0.25910845
821.0,0.0,0.0,0.7049999833106995,0.17334,0.30915847
822.0,0.0,0.0,0.6940000057220459,0.18505,0.3165136
823.0,0.0,0.0,0.6990000009536743,0.17849,0.28831205
824.0,0.0,0.0,0.6909999847412109,0.1837,0.2625778
825.0,0.0,0.0,0.6869999766349792,0.18879,0.28477678
826.0,0.0,0.0,0.7170000076293945,0.1673,0.34978488
827.0,0.0,0.0,0.7409999966621399,0.15165,0.45537606
828.0,0.0,0.0,0.7080000042915344,0.17334,0.31784958
829.0,0.0,0.0,0.6990000009536743,0.17641,0.28731543
830.0,0.0,0.0,0.7239999771118164,0.16286,0.3785848
831.0,0.0,0.0,0.7289999723434448,0.15881,0.40429708
832.0,0.0,0.0,0.7239999771118164,0.16254,0.37931278
833.0,0.0,0.0,0.703000009059906,0.17456,0.30070505
834.0,0.0,0.0,0.7170000076293945,0.16653,0.35358152
835.0,0.0,0.0,0.7139999866485596,0.16832,0.34039
836.0,0.0,0.0,0.7580000162124634,0.14288,0.51839066
837.0,0.0,0.0,0.7099999785423279,0.17176,0.32602462
838.0,0.0,0.0,0.6759999990463257,0.19331,0.22438848
839.0,0.0,0.0,0.7049999833106995,0.17426,0.30540732
840.0,0.0,0.0,0.6970000267028809,0.1806,0.28751957
841.0,0.0,0.0,0.6840000152587891,0.18864,0.24898046
842.0,0.0,0.0,0.6610000133514404,0.20353,0.22073767
843.0,0.0,0.0,0.6320000290870667,0.2221,0.241525
844.0,0.0,0.0,0.6470000147819519,0.21337,0.2561481
845.0,0.0,0.0,0.6230000257492065,0.22721,0.24196099
846.0,0.0,0.0,0.5979999899864197,0.24201,0.26994416
847.0,0.0,0.0,0.6010000109672546,0.24613,0.38575423
848.0,0.0,0.0,0.6029999852180481,0.24405,0.36292252
849.0,0.0,0.0,0.6169999837875366,0.23064,0.23976067
850.0,0.0,0.0,0.6340000033378601,0.22376,0.30474088
851.0,0.0,0.0,0.5950000286102295,0.25007,0.40370488
852.0,0.0,0.0,0.5899999737739563,0.25086,0.36793333
853.0,0.0,0.0,0.6159999966621399,0.23583,0.35161743
854.0,0.0,0.0,0.5830000042915344,0.25831,0.44313103
855.0,0.0,0.0,0.6439999938011169,0.21389,0.21057563
856.0,0.0,0.0,0.6200000047683716,0.23248,0.31512523
857.0,0.0,0.0,0.6539999842643738,0.21054,0.2707426
858.0,0.0,0.0,0.6769999861717224,0.19453,0.26298687
859.0,0.0,0.0,0.6549999713897705,0.20905,0.26029587
860.0,0.0,0.0,0.6499999761581421,0.21174,0.2500598
861.0,0.0,0.0,0.6970000267028809,0.17911,0.2807819
862.0,0.0,0.0,0.6700000166893005,0.19548,0.1935174
863.0,0.0,0.0,0.6380000114440918,0.21568,0.17093183
864.0,0.0,0.0,0.6779999732971191,0.19283,0.2477079
865.0,0.0,0.0,0.6790000200271606,0.19358,0.26522198
866.0,0.0,0.0,0.6269999742507935,0.22099,0.13897353
867.0,0.0,0.0,0.6610000133514404,0.20558,0.25819433
868.0,0.0,0.0,0.6470000147819519,0.21049,0.1809798
869.0,0.0,0.0,0.6809999942779541,0.18938,0.23665187
870.0,0.0,0.0,0.6850000023841858,0.18708,0.24717605
871.0,0.0,0.0,0.6470000147819519,0.20978,0.15512544
872.0,0.0,0.0,0.671999990940094,0.19502,0.206724
873.0,0.0,0.0,0.675000011920929,0.1925,0.2064992
874.0,0.0,0.0,0.6549999713897705,0.20556,0.1761099
875.0,0.0,0.0,0.7170000076293945,0.16833,0.35414422
876.0,0.0,0.0,0.6620000004768372,0.2008,0.18426016
877.0,0.0,0.0,0.6629999876022339,0.19911,0.17138937
878.0,0.0,0.0,0.6880000233650208,0.18511,0.25408044
879.0,0.0,0.0,0.7039999961853027,0.1768,0.30944297
880.0,0.0,0.0,0.675000011920929,0.19305,0.21685323
881.0,0.0,0.0,0.6959999799728394,0.17931,0.27333304
882.0,0.0,0.0,0.7200000286102295,0.16649,0.36637047
883.0,0.0,0.0,0.7049999833106995,0.17295,0.30922785
884.0,0.0,0.0,0.7210000157356262,0.16744,0.37197515
885.0,0.0,0.0,0.6779999732971191,0.18987,0.21348006
886.0,0.0,0.0,0.6690000295639038,0.19379,0.17875187
887.0,0.0,0.0,0.6990000009536743,0.17806,0.28509182
888.0,0.0,0.0,0.7160000205039978,0.16635,0.35294178
889.0,0.0,0.0,0.6919999718666077,0.18157,0.26208776
890.0,0.0,0.0,0.6759999990463257,0.18905,0.20552726
891.0,0.0,0.0,0.7590000033378601,0.14492,0.5175173
892.0,0.0,0.0,0.7310000061988831,0.15874,0.4061802
893.0,0.0,0.0,0.7039999961853027,0.17443,0.30414325
894.0,0.0,0.0,0.7429999709129333,0.15164,0.45514786
895.0,0.0,0.0,0.7509999871253967,0.14618,0.4941062
896.0,0.0,0.0,0.7319999933242798,0.15691,0.41755608
897.0,0.0,0.0,0.7229999899864197,0.16423,0.3753988
898.0,0.0,0.0,0.7279999852180481,0.16191,0.39534435
899.0,0.0,0.0,0.7360000014305115,0.15778,0.42460883
900.0,0.0,0.0,0.7179999947547913,0.16614,0.35551262
901.0,0.0,0.0,0.7080000042915344,0.17245,0.31930336
902.0,0.0,0.0,0.7400000095367432,0.1536,0.4417491
903.0,0.0,0.0,0.7210000157356262,0.16424,0.36876735
904.0,0.0,0.0,0.7269999980926514,0.16025,0.39448246
905.0,0.0,0.0,0.7239999771118164,0.1625,0.37964472
906.0,0.0,0.0,0.7160000205039978,0.16686,0.35048473
907.0,0.0,0.0,0.7360000014305115,0.15609,0.4257302
908.0,0.0,0.0,0.7020000219345093,0.17425,0.30068287
909.0,0.0,0.0,0.7200000286102295,0.16521,0.36318803
910.0,0.0,0.0,0.7179999947547913,0.16435,0.36844286
911.0,0.0,0.0,0.6830000281333923,0.18505,0.2312992
912.0,0.0,0.0,0.7239999771118164,0.16132,0.3869905
913.0,0.0,0.0,0.7149999737739563,0.16786,0.3440273
914.0,0.0,0.0,0.7170000076293945,0.16556,0.35827854
915.0,0.0,0.0,0.6980000138282776,0.17866,0.28269306
916.0,0.0,0.0,0.6650000214576721,0.19952,0.193372
917.0,0.0,0.0,0.7089999914169312,0.17072,0.32386968
918.0,0.0,0.0,0.7129999995231628,0.16847,0.33917314
919.0,0.0,0.0,0.656000018119812,0.20256,0.14196217
920.0,0.0,0.0,0.7059999704360962,0.17559,0.3218976
921.0,0.0,0.0,0.6890000104904175,0.18441,0.25616226
922.0,0.0,0.0,0.7009999752044678,0.17668,0.2915253
923.0,0.0,0.0,0.6869999766349792,0.18483,0.24242541
924.0,0.0,0.0,0.6710000038146973,0.19456,0.19511944
925.0,0.0,0.0,0.6710000038146973,0.19425,0.1913282
926.0,0.0,0.0,0.6880000233650208,0.18068,0.2630646
927.0,0.0,0.0,0.6880000233650208,0.18276,0.24771038
928.0,0.0,0.0,0.6510000228881836,0.20456,0.12734392
929.0,0.0,0.0,0.6520000100135803,0.20563,0.15046637
930.0,0.0,0.0,0.6660000085830688,0.19756,0.17787136
931.0,0.0,0.0,0.6589999794960022,0.20465,0.21386147
932.0,0.0,0.0,0.6679999828338623,0.19727,0.20426151
933.0,0.0,0.0,0.6349999904632568,0.21517,0.11082714
934.0,0.0,0.0,0.6669999957084656,0.19657,0.1798055
935.0,0.0,0.0,0.6389999985694885,0.21298,0.11933887
936.0,0.0,0.0,0.6449999809265137,0.20891,0.111546464
937.0,0.0,0.0,0.6140000224113464,0.22846,0.13390611
938.0,0.0,0.0,0.6240000128746033,0.22216,0.11566131
939.0,0.0,0.0,0.6230000257492065,0.22269,0.12162821
940.0,0.0,0.0,0.5809999704360962,0.24747,0.20107317
941.0,0.0,0.0,0.6029999852180481,0.23513,0.16359158
942.0,0.0,0.0,0.6309999823570251,0.21977,0.1542467
943.0,0.0,0.0,0.6240000128746033,0.22403,0.17215063
944.0,0.0,0.0,0.6570000052452087,0.20154,0.14517413
945.0,0.0,0.0,0.6290000081062317,0.22056,0.14444794
946.0,0.0,0.0,0.6700000166893005,0.196,0.2045278
947.0,0.0,0.0,0.6639999747276306,0.19733,0.16673465
948.0,0.0,0.0,0.6430000066757202,0.211,0.12677987
949.0,0.0,0.0,0.6349999904632568,0.21685,0.1520458
950.0,0.0,0.0,0.6539999842643738,0.20242,0.12855063
951.0,0.0,0.0,0.6890000104904175,0.18461,0.25350747
952.0,0.0,0.0,0.6589999794960022,0.20155,0.16160253
953.0,0.0,0.0,0.699999988079071,0.1745,0.29950684
954.0,0.0,0.0,0.6859999895095825,0.18356,0.24023294
955.0,0.0,0.0,0.6660000085830688,0.19707,0.17798084
956.0,0.0,0.0,0.6909999847412109,0.18192,0.2571905
957.0,0.0,0.0,0.6790000200271606,0.189,0.21332148
958.0,0.0,0.0,0.6629999876022339,0.19842,0.16108085
959.0,0.0,0.0,0.6650000214576721,0.19702,0.16582903
960.0,0.0,0.0,0.6690000295639038,0.19581,0.18980092
961.0,0.0,0.0,0.671999990940094,0.19454,0.20087948
962.0,0.0,0.0,0.6790000200271606,0.18834,0.21403717
963.0,0.0,0.0,0.6650000214576721,0.19615,0.16722757
964.0,0.0,0.0,0.6769999861717224,0.18971,0.20571597
965.0,0.0,0.0,0.6639999747276306,0.19824,0.1750169
966.0,0.0,0.0,0.6370000243186951,0.21623,0.16438234
967.0,0.0,0.0,0.6620000004768372,0.19935,0.16570905
968.0,0.0,0.0,0.6800000071525574,0.189,0.22401771
969.0,0.0,0.0,0.6890000104904175,0.18241,0.24925509
970.0,0.0,0.0,0.6940000057220459,0.17831,0.27498248
971.0,0.0,0.0,0.7239999771118164,0.16048,0.3979393
972.0,0.0,0.0,0.699999988079071,0.17589,0.28957304
973.0,0.0,0.0,0.6940000057220459,0.18014,0.2683238
974.0,0.0,0.0,0.6899999976158142,0.18127,0.25557765
975.0,0.0,0.0,0.6980000138282776,0.17783,0.28163368
976.0,0.0,0.0,0.7179999947547913,0.16433,0.3683694
977.0,0.0,0.0,0.7039999961853027,0.17333,0.30680606
978.0,0.0,0.0,0.699999988079071,0.17631,0.2897146
979.0,0.0,0.0,0.7149999737739563,0.16858,0.34536204
980.0,0.0,0.0,0.7279999852180481,0.16,0.39695388
981.0,0.0,0.0,0.7310000061988831,0.1584,0.40768936
982.0,0.0,0.0,0.7110000252723694,0.16987,0.33008412
983.0,0.0,0.0,0.6899999976158142,0.18108,0.256125
984.0,0.0,0.0,0.6890000104904175,0.18353,0.2492068
985.0,0.0,0.0,0.6740000247955322,0.19023,0.19828318
986.0,0.0,0.0,0.6859999895095825,0.187,0.24935356
987.0,0.0,0.0,0.7089999914169312,0.17186,0.32234517
988.0,0.0,0.0,0.7009999752044678,0.1764,0.29327387
989.0,0.0,0.0,0.6790000200271606,0.19071,0.22591048
990.0,0.0,0.0,0.6899999976158142,0.18279,0.25240466
991.0,0.0,0.0,0.7099999785423279,0.17102,0.32497367
992.0,0.0,0.0,0.6899999976158142,0.18033,0.26181513
993.0,0.0,0.0,0.699999988079071,0.17782,0.2889206
994.0,0.0,0.0,0.7089999914169312,0.16903,0.3389114
995.0,0.0,0.0,0.7279999852180481,0.15886,0.40498808
996.0,0.0,0.0,0.7279999852180481,0.15856,0.4075164
997.0,0.0,0.0,0.7200000286102295,0.16364,0.37169373
998.0,0.0,0.0,0.7149999737739563,0.16684,0.35015893
999.0,0.0,0.0,0.7300000190734863,0.16098,0.40292606
1000.0,0.0,0.0,0.718999981880188,0.16661,0.35925588
1001.0,0.0,0.0,0.6800000071525574,0.18899,0.22385119
1002.0,0.0,0.0,0.6949999928474426,0.18001,0.2715304
1003.0,0.0,0.0,0.6890000104904175,0.18231,0.25080386
1004.0,0.0,0.0,0.6669999957084656,0.19643,0.17957887
1005.0,0.0,0.0,0.7070000171661377,0.17326,0.31349385
1006.0,0.0,0.0,0.6819999814033508,0.19058,0.25525227
1007.0,0.0,0.0,0.6840000152587891,0.18896,0.25556922
1008.0,0.0,0.0,0.6610000133514404,0.20321,0.21673694
1009.0,0.0,0.0,0.6919999718666077,0.18146,0.2624197
1010.0,0.0,0.0,0.6809999942779541,0.18782,0.22457787
1011.0,0.0,0.0,0.6759999990463257,0.19182,0.2088916
1012.0,0.0,0.0,0.6669999957084656,0.19665,0.17937326
1013.0,0.0,0.0,0.6859999895095825,0.1846,0.24009332
1014.0,0.0,0.0,0.6549999713897705,0.2045,0.1592014
1015.0,0.0,0.0,0.6629999876022339,0.20006,0.18416692
1016.0,0.0,0.0,0.6579999923706055,0.20049,0.14534755
1017.0,0.0,0.0,0.6830000281333923,0.18716,0.2315806
1018.0,0.0,0.0,0.6869999766349792,0.18506,0.24237823
1019.0,0.0,0.0,0.7360000014305115,0.15596,0.42643023
1020.0,0.0,0.0,0.7089999914169312,0.17213,0.32283455
1021.0,0.0,0.0,0.7260000109672546,0.1631,0.3864482
1022.0,0.0,0.0,0.6669999957084656,0.19664,0.18175264
1023.0,0.0,0.0,0.7080000042915344,0.16971,0.33201802
1024.0,0.0,0.0,0.7139999866485596,0.16688,0.3507265
1025.0,0.0,0.0,0.703000009059906,0.17391,0.30276278
1026.0,0.0,0.0,0.7080000042915344,0.17361,0.31987378
1027.0,0.0,0.0,0.6940000057220459,0.18191,0.27734172
1028.0,0.0,0.0,0.6990000009536743,0.17879,0.28938606
1029.0,0.0,0.0,0.7279999852180481,0.15995,0.39731577
1030.0,0.0,0.0,0.7229999899864197,0.16493,0.37430614
1031.0,0.0,0.0,0.703000009059906,0.17507,0.29993385
1032.0,0.0,0.0,0.6970000267028809,0.17744,0.28045547
1033.0,0.0,0.0,0.6949999928474426,0.17896,0.27140975
1034.0,0.0,0.0,0.6970000267028809,0.17981,0.28030857
1035.0,0.0,0.0,0.6949999928474426,0.17909,0.27237147
1036.0,0.0,0.0,0.6980000138282776,0.18148,0.3070729
1037.0,0.0,0.0,0.6819999814033508,0.18833,0.22836806
1038.0,0.0,0.0,0.6700000166893005,0.19685,0.21841522
1039.0,0.0,0.0,0.6899999976158142,0.18292,0.2537188
1040.0,0.0,0.0,0.6539999842643738,0.20523,0.16835831
1041.0,0.0,0.0,0.7039999961853027,0.17408,0.30628878
1042.0,0.0,0.0,0.6790000200271606,0.18904,0.21799584
1043.0,0.0,0.0,0.5370000004768372,0.26793,0.26262647
1044.0,0.0,0.0,0.6959999799728394,0.17981,0.27737072
1045.0,0.0,0.0,0.5910000205039978,0.23144,0.16309421
1046.0,0.0,0.0,0.5659999847412109,0.25428,0.20834161
1047.0,0.0,0.0,0.5799999833106995,0.25163,0.2774243
1048.0,0.0,0.0,0.5649999976158142,0.26225,0.34350553
1049.0,0.0,0.0,0.5479999780654907,0.27535,0.43249986
1050.0,0.0,0.0,0.5630000233650208,0.26572,0.39015356
1051.0,0.0,0.0,0.5950000286102295,0.24721,0.3418704
1052.0,0.0,0.0,0.515999972820282,0.29049,0.4621178
1053.0,0.0,0.0,0.5569999814033508,0.26099,0.2644586
1054.0,0.0,0.0,0.5350000262260437,0.27401,0.33314648
1055.0,0.0,0.0,0.5820000171661377,0.2501,0.26958093
1056.0,0.0,0.0,0.5580000281333923,0.26751,0.37926108
1057.0,0.0,0.0,0.5920000076293945,0.25088,0.38852105
1058.0,0.0,0.0,0.5699999928474426,0.25966,0.34116215
1059.0,0.0,0.0,0.5849999785423279,0.24782,0.26343855
1060.0,0.0,0.0,0.5220000147819519,0.28998,0.4892158
1061.0,0.0,0.0,0.550000011920929,0.27515,0.44742352
1062.0,0.0,0.0,0.5509999990463257,0.27354,0.43647942
1063.0,0.0,0.0,0.5389999747276306,0.27889,0.4324169
1064.0,0.0,0.0,0.546999990940094,0.27379,0.40805846
1065.0,0.0,0.0,0.546999990940094,0.27669,0.45306578
1066.0,0.0,0.0,0.5360000133514404,0.28793,0.55114955
1067.0,0.0,0.0,0.5479999780654907,0.27605,0.4499377
1068.0,0.0,0.0,0.5270000100135803,0.29021,0.52780426
1069.0,0.0,0.0,0.5410000085830688,0.2841,0.52685714
1070.0,0.0,0.0,0.5389999747276306,0.28668,0.5556828
1071.0,0.0,0.0,0.5090000033378601,0.29681,0.51431787
1072.0,0.0,0.0,0.5460000038146973,0.2758,0.43855357
1073.0,0.0,0.0,0.4869999885559082,0.31195,0.5970429
1074.0,0.0,0.0,0.5339999794960022,0.27989,0.41886476
1075.0,0.0,0.0,0.5109999775886536,0.291,0.44512933
1076.0,0.0,0.0,0.5410000085830688,0.2754,0.3970418
1077.0,0.0,0.0,0.5080000162124634,0.29744,0.5154041
1078.0,0.0,0.0,0.515999972820282,0.29611,0.5406737
1079.0,0.0,0.0,0.5099999904632568,0.29548,0.50124466
1080.0,0.0,0.0,0.5519999861717224,0.26921,0.36898032
1081.0,0.0,0.0,0.5400000214576721,0.27939,0.4490313
1082.0,0.0,0.0,0.5270000100135803,0.28361,0.4298006
1083.0,0.0,0.0,0.6000000238418579,0.24048,0.26845253
1084.0,0.0,0.0,0.5640000104904175,0.2649,0.39126012
1085.0,0.0,0.0,0.550000011920929,0.27111,0.39107123
1086.0,0.0,0.0,0.5360000133514404,0.28244,0.4703501
1087.0,0.0,0.0,0.5350000262260437,0.28021,0.43080172
1088.0,0.0,0.0,0.5270000100135803,0.29024,0.52625823
1089.0,0.0,0.0,0.5180000066757202,0.29295,0.51014584
1090.0,0.0,0.0,0.5170000195503235,0.29057,0.4718699
1091.0,0.0,0.0,0.5080000162124634,0.29145,0.43711498
1092.0,0.0,0.0,0.5440000295639038,0.27304,0.3742684
1093.0,0.0,0.0,0.5109999775886536,0.29485,0.4979875
1094.0,0.0,0.0,0.5360000133514404,0.28056,0.44131556
1095.0,0.0,0.0,0.5619999766349792,0.2574,0.24670313
1096.0,0.0,0.0,0.5320000052452087,0.27893,0.38863155
1097.0,0.0,0.0,0.6769999861717224,0.19023,0.23028293
1098.0,0.0,0.0,0.5839999914169312,0.24334,0.17511919
1099.0,0.0,0.0,0.6140000224113464,0.22656,0.14499623
1100.0,0.0,0.0,0.6060000061988831,0.23274,0.17952909
1101.0,0.0,0.0,0.5989999771118164,0.23489,0.14723025
1102.0,0.0,0.0,0.5699999928474426,0.25627,0.2902957
1103.0,0.0,0.0,0.6060000061988831,0.23468,0.21060112
1104.0,0.0,0.0,0.5870000123977661,0.24404,0.20775059
1105.0,0.0,0.0,0.6039999723434448,0.23034,0.11154253
1106.0,0.0,0.0,0.5870000123977661,0.24407,0.19933619
1107.0,0.0,0.0,0.6499999761581421,0.20822,0.17920889
1108.0,0.0,0.0,0.5830000042915344,0.24765,0.22783019
1109.0,0.0,0.0,0.6019999980926514,0.23649,0.18933381
1110.0,0.0,0.0,0.5920000076293945,0.25081,0.38420987
1111.0,0.0,0.0,0.5429999828338623,0.28305,0.51606137
1112.0,0.0,0.0,0.6029999852180481,0.24434,0.3643479
1113.0,0.0,0.0,0.5350000262260437,0.28558,0.50394416
1114.0,0.0,0.0,0.5600000023841858,0.26934,0.42577502
1115.0,0.0,0.0,0.5389999747276306,0.28649,0.54313546
1116.0,0.0,0.0,0.5590000152587891,0.26567,0.36147937
1117.0,0.0,0.0,0.5379999876022339,0.27797,0.4073565
1118.0,0.0,0.0,0.5289999842643738,0.28688,0.48685616
1119.0,0.0,0.0,0.5649999976158142,0.26095,0.32682896
1120.0,0.0,0.0,0.5230000019073486,0.29322,0.539129
1121.0,0.0,0.0,0.550000011920929,0.27453,0.43699583
1122.0,0.0,0.0,0.5540000200271606,0.26736,0.35132796
1123.0,0.0,0.0,0.5519999861717224,0.27122,0.39647186
1124.0,0.0,0.0,0.5139999985694885,0.29551,0.5198717
1125.0,0.0,0.0,0.5609999895095825,0.26636,0.39024422
1126.0,0.0,0.0,0.5730000138282776,0.26031,0.38605267
1127.0,0.0,0.0,0.5630000233650208,0.26413,0.36697173
1128.0,0.0,0.0,0.5759999752044678,0.26244,0.45118135
1129.0,0.0,0.0,0.5879999995231628,0.2506,0.34078
1130.0,0.0,0.0,0.5199999809265137,0.28858,0.45583585
1131.0,0.0,0.0,0.5799999833106995,0.25282,0.30666965
1132.0,0.0,0.0,0.5699999928474426,0.26218,0.39293984
1133.0,0.0,0.0,0.5440000295639038,0.28283,0.5270706
1134.0,0.0,0.0,0.5680000185966492,0.25918,0.31867424
1135.0,0.0,0.0,0.5640000104904175,0.26021,0.30388594
1136.0,0.0,0.0,0.5740000009536743,0.25877,0.36071032
1137.0,0.0,0.0,0.5730000138282776,0.25757,0.33411422
1138.0,0.0,0.0,0.5709999799728394,0.25982,0.34931347
1139.0,0.0,0.0,0.5720000267028809,0.25485,0.2666061
1140.0,0.0,0.0,0.6140000224113464,0.23456,0.28716305
1141.0,0.0,0.0,0.6019999980926514,0.24255,0.32316947
1142.0,0.0,0.0,0.5699999928474426,0.26494,0.43013075
1143.0,0.0,0.0,0.6169999837875366,0.22738,0.16826724
1144.0,0.0,0.0,0.6460000276565552,0.21289,0.2275125
1145.0,0.0,0.0,0.6230000257492065,0.22789,0.25984153
1146.0,0.0,0.0,0.6230000257492065,0.22541,0.20349506
1147.0,0.0,0.0,0.5669999718666077,0.26002,0.32117966
1148.0,0.0,0.0,0.6299999952316284,0.22267,0.23201224
1149.0,0.0,0.0,0.6140000224113464,0.23542,0.31108776
1150.0,0.0,0.0,0.6290000081062317,0.22096,0.17644182
1151.0,0.0,0.0,0.6420000195503235,0.21355,0.19218014
1152.0,0.0,0.0,0.6549999713897705,0.20615,0.20081325
1153.0,0.0,0.0,0.628000020980835,0.22423,0.24027926
1154.0,0.0,0.0,0.6169999837875366,0.23182,0.26964492
1155.0,0.0,0.0,0.6179999709129333,0.22975,0.22887044
1156.0,0.0,0.0,0.640999972820282,0.21717,0.24722454
1157.0,0.0,0.0,0.6430000066757202,0.2137,0.20527025
1158.0,0.0,0.0,0.6269999742507935,0.2237,0.2076292
1159.0,0.0,0.0,0.6470000147819519,0.21615,0.3102943
1160.0,0.0,0.0,0.6690000295639038,0.19944,0.25993225
1161.0,0.0,0.0,0.6650000214576721,0.2009,0.2293081
1162.0,0.0,0.0,0.6700000166893005,0.19987,0.27011526
1163.0,0.0,0.0,0.6660000085830688,0.19787,0.19696194
1164.0,0.0,0.0,0.6430000066757202,0.21396,0.21266378
1165.0,0.0,0.0,0.6460000276565552,0.21143,0.18867566
1166.0,0.0,0.0,0.6259999871253967,0.22381,0.20405175
1167.0,0.0,0.0,0.628000020980835,0.22225,0.18975869
1168.0,0.0,0.0,0.6240000128746033,0.22361,0.17302033
1169.0,0.0,0.0,0.6629999876022339,0.20414,0.26749822
1170.0,0.0,0.0,0.6710000038146973,0.1997,0.2958762
1171.0,0.0,0.0,0.6240000128746033,0.22784,0.2647907
1172.0,0.0,0.0,0.6629999876022339,0.203,0.25064418
1173.0,0.0,0.0,0.5759999752044678,0.25301,0.27150223
1174.0,0.0,0.0,0.593999981880188,0.24395,0.26696053
1175.0,0.0,0.0,0.6190000176429749,0.228,0.2082442
1176.0,0.0,0.0,0.6359999775886536,0.21712,0.18382823
1177.0,0.0,0.0,0.625,0.22518,0.21113902
1178.0,0.0,0.0,0.6060000061988831,0.23333,0.15718234
1179.0,0.0,0.0,0.6320000290870667,0.2148,0.07966806
1180.0,0.0,0.0,0.6110000014305115,0.22863,0.1115663
1181.0,0.0,0.0,0.6359999775886536,0.2156,0.14858381
1182.0,0.0,0.0,0.6200000047683716,0.22231,0.085482694
1183.0,0.0,0.0,0.5720000267028809,0.25733,0.30991268
1184.0,0.0,0.0,0.6060000061988831,0.23141,0.12187759
1185.0,0.0,0.0,0.6179999709129333,0.22615,0.1520746
1186.0,0.0,0.0,0.6140000224113464,0.22933,0.16397113
1187.0,0.0,0.0,0.597000002861023,0.23985,0.20243882
1188.0,0.0,0.0,0.6140000224113464,0.22842,0.14690973
1189.0,0.0,0.0,0.6050000190734863,0.23354,0.15587343
1190.0,0.0,0.0,0.5720000267028809,0.25781,0.3180926
1191.0,0.0,0.0,0.5709999799728394,0.25547,0.27591234
1192.0,0.0,0.0,0.5950000286102295,0.23973,0.182232
1193.0,0.0,0.0,0.6489999890327454,0.20751,0.15232877
1194.0,0.0,0.0,0.625,0.2212,0.12569214
1195.0,0.0,0.0,0.6340000033378601,0.21746,0.16671698
1196.0,0.0,0.0,0.6549999713897705,0.20293,0.14744051
1197.0,0.0,0.0,0.621999979019165,0.22177,0.09501107
1198.0,0.0,0.0,0.6029999852180481,0.2329,0.113474675
1199.0,0.0,0.0,0.6629999876022339,0.19687,0.1662029
1200.0,0.0,0.0,0.6259999871253967,0.21953,0.09285245
1201.0,0.0,0.0,0.6579999923706055,0.20158,0.16309248
1202.0,0.0,0.0,0.6430000066757202,0.21092,0.13305758
1203.0,0.0,0.0,0.6430000066757202,0.21193,0.15995722
1204.0,0.0,0.0,0.6740000247955322,0.19145,0.20332848
1205.0,0.0,0.0,0.6610000133514404,0.20096,0.18381691
1206.0,0.0,0.0,0.628000020980835,0.22303,0.20386086
1207.0,0.0,0.0,0.6629999876022339,0.19951,0.18245849
1208.0,0.0,0.0,0.6259999871253967,0.21962,0.09913695
1209.0,0.0,0.0,0.6579999923706055,0.19979,0.14987145
1210.0,0.0,0.0,0.6600000262260437,0.20446,0.23636366
1211.0,0.0,0.0,0.6830000281333923,0.1865,0.23087452
1212.0,0.0,0.0,0.621999979019165,0.22415,0.14988841
1213.0,0.0,0.0,0.6549999713897705,0.20401,0.15548167
1214.0,0.0,0.0,0.6610000133514404,0.20258,0.20170932
1215.0,0.0,0.0,0.6639999747276306,0.19984,0.19890353
1216.0,0.0,0.0,0.621999979019165,0.22304,0.12937467
1217.0,0.0,0.0,0.5950000286102295,0.24167,0.22402151
1218.0,0.0,0.0,0.6119999885559082,0.23374,0.23989801
1219.0,0.0,0.0,0.6610000133514404,0.20157,0.19326805
1220.0,0.0,0.0,0.6589999794960022,0.20083,0.15755105
1221.0,0.0,0.0,0.6710000038146973,0.19372,0.19199122
1222.0,0.0,0.0,0.6179999709129333,0.22927,0.2171021
1223.0,0.0,0.0,0.6759999990463257,0.19069,0.20949411
1224.0,0.0,0.0,0.6489999890327454,0.20625,0.13362506
1225.0,0.0,0.0,0.652999997138977,0.20499,0.15391007
1226.0,0.0,0.0,0.6570000052452087,0.20464,0.2009805
1227.0,0.0,0.0,0.652999997138977,0.20458,0.14990298
1228.0,0.0,0.0,0.6510000228881836,0.2071,0.16695727
1229.0,0.0,0.0,0.6439999938011169,0.20995,0.13309158
1230.0,0.0,0.0,0.6110000014305115,0.2317,0.1935153
1231.0,0.0,0.0,0.6380000114440918,0.21533,0.17135866
1232.0,0.0,0.0,0.6769999861717224,0.18953,0.21385756
1233.0,0.0,0.0,0.6150000095367432,0.22916,0.1750474
1234.0,0.0,0.0,0.6669999957084656,0.1957,0.18220453
1235.0,0.0,0.0,0.6259999871253967,0.2194,0.096445866
1236.0,0.0,0.0,0.6850000023841858,0.18726,0.24863617
1237.0,0.0,0.0,0.6779999732971191,0.19239,0.24900454
1238.0,0.0,0.0,0.6499999761581421,0.20847,0.17755568
1239.0,0.0,0.0,0.6620000004768372,0.20025,0.18384758
1240.0,0.0,0.0,0.6510000228881836,0.20975,0.22175838
1241.0,0.0,0.0,0.6549999713897705,0.20543,0.19244623
1242.0,0.0,0.0,0.6510000228881836,0.20952,0.21681899
1243.0,0.0,0.0,0.6639999747276306,0.19808,0.1860034
1244.0,0.0,0.0,0.6330000162124634,0.22137,0.24279025
1245.0,0.0,0.0,0.6309999823570251,0.22076,0.18841963
1246.0,0.0,0.0,0.6359999775886536,0.21458,0.118560754
1247.0,0.0,0.0,0.6399999856948853,0.21617,0.21192493
1248.0,0.0,0.0,0.6520000100135803,0.20902,0.21671692
1249.0,0.0,0.0,0.625,0.21964,0.08848935
1250.0,0.0,0.0,0.6600000262260437,0.20165,0.17458238
1251.0,0.0,0.0,0.6769999861717224,0.19074,0.21601404
1252.0,0.0,0.0,0.6290000081062317,0.21711,0.088159315
1253.0,0.0,0.0,0.6740000247955322,0.19242,0.20533173
1254.0,0.0,0.0,0.6600000262260437,0.20178,0.18115315
1255.0,0.0,0.0,0.6819999814033508,0.18901,0.2394499
1256.0,0.0,0.0,0.6420000195503235,0.21212,0.14619872
1257.0,0.0,0.0,0.675000011920929,0.19142,0.20720263
1258.0,0.0,0.0,0.6740000247955322,0.19401,0.2265553
1259.0,0.0,0.0,0.6740000247955322,0.19617,0.25596485
1260.0,0.0,0.0,0.6549999713897705,0.20519,0.18423247
1261.0,0.0,0.0,0.6840000152587891,0.18669,0.24569845
1262.0,0.0,0.0,0.6380000114440918,0.21443,0.15424727
1263.0,0.0,0.0,0.6449999809265137,0.21176,0.18643153
1264.0,0.0,0.0,0.6779999732971191,0.19012,0.22071858
1265.0,0.0,0.0,0.6650000214576721,0.19982,0.21471545
1266.0,0.0,0.0,0.6930000185966492,0.18272,0.28289777
1267.0,0.0,0.0,0.6470000147819519,0.2104,0.17485766
1268.0,0.0,0.0,0.6449999809265137,0.21156,0.18182753
1269.0,0.0,0.0,0.6970000267028809,0.18029,0.2907772
1270.0,0.0,0.0,0.6269999742507935,0.22417,0.2152853
1271.0,0.0,0.0,0.6399999856948853,0.2162,0.21762604
1272.0,0.0,0.0,0.640999972820282,0.21435,0.18771818
1273.0,0.0,0.0,0.6809999942779541,0.18942,0.23868789
1274.0,0.0,0.0,0.6880000233650208,0.18698,0.2740376
1275.0,0.0,0.0,0.671999990940094,0.19765,0.25886008
1276.0,0.0,0.0,0.6779999732971191,0.19132,0.23485471
1277.0,0.0,0.0,0.6169999837875366,0.23519,0.3423254
1278.0,0.0,0.0,0.6299999952316284,0.22108,0.18945518
1279.0,0.0,0.0,0.6290000081062317,0.21779,0.1010169
1280.0,0.0,0.0,0.6620000004768372,0.19886,0.17303288
1281.0,0.0,0.0,0.6320000290870667,0.22214,0.23948538
1282.0,0.0,0.0,0.6570000052452087,0.20303,0.16544667
1283.0,0.0,0.0,0.6240000128746033,0.22587,0.22815931
1284.0,0.0,0.0,0.6480000019073486,0.20843,0.15207694
1285.0,0.0,0.0,0.625,0.22258,0.15473512
1286.0,0.0,0.0,0.6340000033378601,0.21472,0.10170625
1287.0,0.0,0.0,0.6650000214576721,0.20117,0.24550268
1288.0,0.0,0.0,0.6819999814033508,0.18941,0.25102136
1289.0,0.0,0.0,0.6230000257492065,0.22637,0.21953769
1290.0,0.0,0.0,0.6359999775886536,0.21632,0.17323409
1291.0,0.0,0.0,0.6549999713897705,0.20285,0.15830716
1292.0,0.0,0.0,0.6600000262260437,0.20123,0.18165351
1293.0,0.0,0.0,0.6380000114440918,0.21457,0.15184668
1294.0,0.0,0.0,0.6129999756813049,0.23148,0.20841295
1295.0,0.0,0.0,0.6690000295639038,0.19836,0.2418705
1296.0,0.0,0.0,0.6460000276565552,0.20935,0.14633796
1297.0,0.0,0.0,0.640999972820282,0.21461,0.18911345
1298.0,0.0,0.0,0.6859999895095825,0.18491,0.24464937
1299.0,0.0,0.0,0.6620000004768372,0.20102,0.19698544
1300.0,0.0,0.0,0.6600000262260437,0.20227,0.19885871
1301.0,0.0,0.0,0.6859999895095825,0.18495,0.24681261
1302.0,0.0,0.0,0.6639999747276306,0.19694,0.17608105
1303.0,0.0,0.0,0.6769999861717224,0.19121,0.223704
1304.0,0.0,0.0,0.6470000147819519,0.20726,0.13355781
1305.0,0.0,0.0,0.6589999794960022,0.19916,0.15792894
1306.0,0.0,0.0,0.6830000281333923,0.18854,0.2522533
1307.0,0.0,0.0,0.5370000004768372,0.29577,0.6691734
1308.0,0.0,0.0,0.5849999785423279,0.23828,0.14085723
1309.0,0.0,0.0,0.7580000162124634,0.13728,0.6209555
1310.0,0.0,0.0,0.7639999985694885,0.13947,0.5483084
1311.0,0.0,0.0,0.7229999899864197,0.16467,0.37898162
1312.0,0.0,0.0,0.7149999737739563,0.16918,0.348274
1313.0,0.0,0.0,0.6880000233650208,0.18894,0.29977924
1314.0,0.0,0.0,0.6990000009536743,0.182,0.32403466
1315.0,0.0,0.0,0.6949999928474426,0.18148,0.2841253
1316.0,0.0,0.0,0.6830000281333923,0.18911,0.24931318
1317.0,0.0,0.0,0.6970000267028809,0.18161,0.30266827
1318.0,0.0,0.0,0.7329999804496765,0.15655,0.42258507
1319.0,0.0,0.0,0.7239999771118164,0.1628,0.38297597
1320.0,0.0,0.0,0.7139999866485596,0.16933,0.34438118
1321.0,0.0,0.0,0.7459999918937683,0.15167,0.46771207
1322.0,0.0,0.0,0.7419999837875366,0.15374,0.4514672
1323.0,0.0,0.0,0.7440000176429749,0.15052,0.4660143
1324.0,0.0,0.0,0.7559999823570251,0.14287,0.52209044
1325.0,0.0,0.0,0.7459999918937683,0.15095,0.4674827
1326.0,0.0,0.0,0.7680000066757202,0.13771,0.5614376
1327.0,0.0,0.0,0.7590000033378601,0.14327,0.5240115
1328.0,0.0,0.0,0.7649999856948853,0.14003,0.5498177
1329.0,0.0,0.0,0.7310000061988831,0.16112,0.41585103
1330.0,0.0,0.0,0.7519999742507935,0.14745,0.49553266
1331.0,0.0,0.0,0.7620000243186951,0.14208,0.53552276
1332.0,0.0,0.0,0.7570000290870667,0.14327,0.51955986
1333.0,0.0,0.0,0.7590000033378601,0.14194,0.5310762
1334.0,0.0,0.0,0.7580000162124634,0.14514,0.52232724
1335.0,0.0,0.0,0.7689999938011169,0.13674,0.5696993
1336.0,0.0,0.0,0.7620000243186951,0.14229,0.5334598
1337.0,0.0,0.0,0.7400000095367432,0.15454,0.44378868
1338.0,0.0,0.0,0.7170000076293945,0.16796,0.36009315
1339.0,0.0,0.0,0.7020000219345093,0.17763,0.30689597
1340.0,0.0,0.0,0.6890000104904175,0.18513,0.26639268
1341.0,0.0,0.0,0.6980000138282776,0.18021,0.30164477
1342.0,0.0,0.0,0.6539999842643738,0.20965,0.2588224
1343.0,0.0,0.0,0.640999972820282,0.22024,0.31756023
1344.0,0.0,0.0,0.6460000276565552,0.21399,0.23842467
1345.0,0.0,0.0,0.6549999713897705,0.20981,0.28188398
1346.0,0.0,0.0,0.6480000019073486,0.21313,0.25980043
1347.0,0.0,0.0,0.6290000081062317,0.22561,0.2739177
1348.0,0.0,0.0,0.6669999957084656,0.20288,0.29475895
1349.0,0.0,0.0,0.6079999804496765,0.24184,0.36993563
1350.0,0.0,0.0,0.6209999918937683,0.2335,0.35684428
1351.0,0.0,0.0,0.6380000114440918,0.22315,0.34344122
1352.0,0.0,0.0,0.6359999775886536,0.22233,0.29283056
1353.0,0.0,0.0,0.6629999876022339,0.20653,0.31632724
1354.0,0.0,0.0,0.703000009059906,0.18018,0.34413606
1355.0,0.0,0.0,0.6840000152587891,0.19005,0.27904692
1356.0,0.0,0.0,0.7089999914169312,0.17557,0.35374108
1357.0,0.0,0.0,0.699999988079071,0.17951,0.30719903
1358.0,0.0,0.0,0.6930000185966492,0.18467,0.3076032
1359.0,0.0,0.0,0.7070000171661377,0.17585,0.33438072
1360.0,0.0,0.0,0.722000002861023,0.16767,0.3934472
1361.0,0.0,0.0,0.7139999866485596,0.17174,0.36094725
1362.0,0.0,0.0,0.7480000257492065,0.14946,0.48151338
1363.0,0.0,0.0,0.7149999737739563,0.17388,0.40073758
1364.0,0.0,0.0,0.640999972820282,0.2209,0.33531517
1365.0,0.0,0.0,0.6430000066757202,0.22146,0.38020122
1366.0,0.0,0.0,0.5809999704360962,0.26138,0.46888927
1367.0,0.0,0.0,0.5839999914169312,0.2608,0.49099615
1368.0,0.0,0.0,0.574999988079071,0.26484,0.47629404
1369.0,0.0,0.0,0.5580000281333923,0.27336,0.48161894
1370.0,0.0,0.0,0.5669999718666077,0.26743,0.44904736
1371.0,0.0,0.0,0.5730000138282776,0.26409,0.44649157
1372.0,0.0,0.0,0.6389999985694885,0.21965,0.27913913
1373.0,0.0,0.0,0.6349999904632568,0.21896,0.2061241
1374.0,0.0,0.0,0.5690000057220459,0.25914,0.32454926
1375.0,0.0,0.0,0.5759999752044678,0.25645,0.3334665
1376.0,0.0,0.0,0.5799999833106995,0.2514,0.27507862
1377.0,0.0,0.0,0.6209999918937683,0.22656,0.18718797
1378.0,0.0,0.0,0.6340000033378601,0.22119,0.24027978
1379.0,0.0,0.0,0.6890000104904175,0.1856,0.2730816
1380.0,0.0,0.0,0.6890000104904175,0.18722,0.30406773
1381.0,0.0,0.0,0.6830000281333923,0.19006,0.27573043
1382.0,0.0,0.0,0.7390000224113464,0.15594,0.44716927
1383.0,0.0,0.0,0.7400000095367432,0.15576,0.45146835
1384.0,0.0,0.0,0.7269999980926514,0.16277,0.39862815
1385.0,0.0,0.0,0.6809999942779541,0.19376,0.30680504
1386.0,0.0,0.0,0.7229999899864197,0.16725,0.39890325
